sensor_event_id,robust_zscore,robust_zscore_abs,robust_zscore_threshold,robust_zscore_anomaly_flag,robust_zscore_status,robust_zscore_score_0_100,isolation_forest_score,isolation_forest_score_0_100,isolation_forest_anomaly_flag,isolation_forest_status,isolation_forest_contamination,isolation_forest_score_interpretation,combined_anomaly_flag,anomaly_score_0_100
EH-000001,0.000000,0.000000,3.500000,False,insufficient_history,0.000000,0.000000,0.000000,False,insufficient_history_fallback,0.050000,relative_anomaly_score_not_probability,False,0.000000
EH-000002,0.000000,0.000000,3.500000,False,insufficient_history,0.000000,0.000000,0.000000,False,insufficient_history_fallback,0.050000,relative_anomaly_score_not_probability,False,0.000000
EH-000003,0.000000,0.000000,3.500000,False,insufficient_history,0.000000,0.000000,0.000000,False,insufficient_history_fallback,0.050000,relative_anomaly_score_not_probability,False,0.000000
EH-000004,0.000000,0.000000,3.500000,False,insufficient_history,0.000000,0.000000,0.000000,False,insufficient_history_fallback,0.050000,relative_anomaly_score_not_probability,False,0.000000
EH-000005,0.000000,0.000000,3.500000,False,insufficient_history,0.000000,0.000000,0.000000,False,insufficient_history_fallback,0.050000,relative_anomaly_score_not_probability,False,0.000000
EH-000006,0.000000,0.000000,3.500000,False,insufficient_history,0.000000,0.000000,0.000000,False,insufficient_history_fallback,0.050000,relative_anomaly_score_not_probability,False,0.000000
EH-000007,0.000000,0.000000,3.500000,False,insufficient_history,0.000000,0.000000,0.000000,False,insufficient_history_fallback,0.050000,relative_anomaly_score_not_probability,False,0.000000
EH-000008,0.000000,0.000000,3.500000,False,insufficient_history,0.000000,0.000000,0.000000,False,insufficient_history_fallback,0.050000,relative_anomaly_score_not_probability,False,0.000000
EH-000009,0.000000,0.000000,3.500000,False,insufficient_history,0.000000,0.000000,0.000000,False,insufficient_history_fallback,0.050000,relative_anomaly_score_not_probability,False,0.000000
EH-000010,0.000000,0.000000,3.500000,False,insufficient_history,0.000000,0.000000,0.000000,False,insufficient_history_fallback,0.050000,relative_anomaly_score_not_probability,False,0.000000
EH-000011,0.000000,0.000000,3.500000,False,insufficient_history,0.000000,0.000000,0.000000,False,insufficient_history_fallback,0.050000,relative_anomaly_score_not_probability,False,0.000000
EH-000012,0.000000,0.000000,3.500000,False,insufficient_history,0.000000,0.000000,0.000000,False,insufficient_history_fallback,0.050000,relative_anomaly_score_not_probability,False,0.000000
EH-000013,0.000000,0.000000,3.500000,False,insufficient_history,0.000000,0.000000,0.000000,False,insufficient_history_fallback,0.050000,relative_anomaly_score_not_probability,False,0.000000
EH-000014,0.000000,0.000000,3.500000,False,insufficient_history,0.000000,0.000000,0.000000,False,insufficient_history_fallback,0.050000,relative_anomaly_score_not_probability,False,0.000000
EH-000015,0.000000,0.000000,3.500000,False,insufficient_history,0.000000,0.000000,0.000000,False,insufficient_history_fallback,0.050000,relative_anomaly_score_not_probability,False,0.000000
EH-000016,0.000000,0.000000,3.500000,False,insufficient_history,0.000000,0.000000,0.000000,False,insufficient_history_fallback,0.050000,relative_anomaly_score_not_probability,False,0.000000
EH-000017,0.000000,0.000000,3.500000,False,insufficient_history,0.000000,0.000000,0.000000,False,insufficient_history_fallback,0.050000,relative_anomaly_score_not_probability,False,0.000000
EH-000018,0.000000,0.000000,3.500000,False,insufficient_history,0.000000,0.000000,0.000000,False,insufficient_history_fallback,0.050000,relative_anomaly_score_not_probability,False,0.000000
EH-000019,0.000000,0.000000,3.500000,False,insufficient_history,0.000000,0.000000,0.000000,False,insufficient_history_fallback,0.050000,relative_anomaly_score_not_probability,False,0.000000
EH-000020,0.000000,0.000000,3.500000,False,insufficient_history,0.000000,0.000000,0.000000,False,insufficient_history_fallback,0.050000,relative_anomaly_score_not_probability,False,0.000000
EH-000021,0.000000,0.000000,3.500000,False,insufficient_history,0.000000,0.000000,0.000000,False,insufficient_history_fallback,0.050000,relative_anomaly_score_not_probability,False,0.000000
EH-000022,0.000000,0.000000,3.500000,False,insufficient_history,0.000000,0.000000,0.000000,False,insufficient_history_fallback,0.050000,relative_anomaly_score_not_probability,False,0.000000
EH-000023,0.000000,0.000000,3.500000,False,insufficient_history,0.000000,0.000000,0.000000,False,insufficient_history_fallback,0.050000,relative_anomaly_score_not_probability,False,0.000000
EH-000024,0.000000,0.000000,3.500000,False,insufficient_history,0.000000,0.000000,0.000000,False,insufficient_history_fallback,0.050000,relative_anomaly_score_not_probability,False,0.000000
EH-000025,0.000000,0.000000,3.500000,False,insufficient_history,0.000000,0.000000,0.000000,False,insufficient_history_fallback,0.050000,relative_anomaly_score_not_probability,False,0.000000
EH-000026,0.000000,0.000000,3.500000,False,insufficient_history,0.000000,0.000000,0.000000,False,insufficient_history_fallback,0.050000,relative_anomaly_score_not_probability,False,0.000000
EH-000027,0.000000,0.000000,3.500000,False,insufficient_history,0.000000,0.000000,0.000000,False,insufficient_history_fallback,0.050000,relative_anomaly_score_not_probability,False,0.000000
EH-000028,0.000000,0.000000,3.500000,False,insufficient_history,0.000000,0.000000,0.000000,False,insufficient_history_fallback,0.050000,relative_anomaly_score_not_probability,False,0.000000
EH-000029,0.000000,0.000000,3.500000,False,insufficient_history,0.000000,0.000000,0.000000,False,insufficient_history_fallback,0.050000,relative_anomaly_score_not_probability,False,0.000000
EH-000030,0.000000,0.000000,3.500000,False,insufficient_history,0.000000,0.000000,0.000000,False,insufficient_history_fallback,0.050000,relative_anomaly_score_not_probability,False,0.000000
EH-000031,0.000000,0.000000,3.500000,False,insufficient_history,0.000000,0.000000,0.000000,False,insufficient_history_fallback,0.050000,relative_anomaly_score_not_probability,False,0.000000
EH-000032,0.000000,0.000000,3.500000,False,insufficient_history,0.000000,0.000000,0.000000,False,insufficient_history_fallback,0.050000,relative_anomaly_score_not_probability,False,0.000000
EH-000033,0.000000,0.000000,3.500000,False,insufficient_history,0.000000,0.000000,0.000000,False,insufficient_history_fallback,0.050000,relative_anomaly_score_not_probability,False,0.000000
EH-000034,0.000000,0.000000,3.500000,False,insufficient_history,0.000000,0.000000,0.000000,False,insufficient_history_fallback,0.050000,relative_anomaly_score_not_probability,False,0.000000
EH-000035,0.000000,0.000000,3.500000,False,insufficient_history,0.000000,0.000000,0.000000,False,insufficient_history_fallback,0.050000,relative_anomaly_score_not_probability,False,0.000000
EH-000036,0.000000,0.000000,3.500000,False,insufficient_history,0.000000,0.000000,0.000000,False,insufficient_history_fallback,0.050000,relative_anomaly_score_not_probability,False,0.000000
EH-000037,0.000000,0.000000,3.500000,False,insufficient_history,0.000000,0.000000,0.000000,False,insufficient_history_fallback,0.050000,relative_anomaly_score_not_probability,False,0.000000
EH-000038,0.000000,0.000000,3.500000,False,insufficient_history,0.000000,0.000000,0.000000,False,insufficient_history_fallback,0.050000,relative_anomaly_score_not_probability,False,0.000000
EH-000039,0.000000,0.000000,3.500000,False,insufficient_history,0.000000,0.000000,0.000000,False,insufficient_history_fallback,0.050000,relative_anomaly_score_not_probability,False,0.000000
EH-000040,0.000000,0.000000,3.500000,False,insufficient_history,0.000000,0.000000,0.000000,False,insufficient_history_fallback,0.050000,relative_anomaly_score_not_probability,False,0.000000
EH-000041,0.000000,0.000000,3.500000,False,insufficient_history,0.000000,0.000000,0.000000,False,insufficient_history_fallback,0.050000,relative_anomaly_score_not_probability,False,0.000000
EH-000042,0.000000,0.000000,3.500000,False,insufficient_history,0.000000,0.000000,0.000000,False,insufficient_history_fallback,0.050000,relative_anomaly_score_not_probability,False,0.000000
EH-000043,0.000000,0.000000,3.500000,False,insufficient_history,0.000000,0.000000,0.000000,False,insufficient_history_fallback,0.050000,relative_anomaly_score_not_probability,False,0.000000
EH-000044,0.000000,0.000000,3.500000,False,insufficient_history,0.000000,0.000000,0.000000,False,insufficient_history_fallback,0.050000,relative_anomaly_score_not_probability,False,0.000000
EH-000045,0.000000,0.000000,3.500000,False,insufficient_history,0.000000,0.000000,0.000000,False,insufficient_history_fallback,0.050000,relative_anomaly_score_not_probability,False,0.000000
EH-000046,0.000000,0.000000,3.500000,False,insufficient_history,0.000000,0.000000,0.000000,False,insufficient_history_fallback,0.050000,relative_anomaly_score_not_probability,False,0.000000
EH-000047,0.000000,0.000000,3.500000,False,insufficient_history,0.000000,0.000000,0.000000,False,insufficient_history_fallback,0.050000,relative_anomaly_score_not_probability,False,0.000000
EH-000048,0.000000,0.000000,3.500000,False,insufficient_history,0.000000,0.000000,0.000000,False,insufficient_history_fallback,0.050000,relative_anomaly_score_not_probability,False,0.000000
EH-000049,0.000000,0.000000,3.500000,False,insufficient_history,0.000000,0.000000,0.000000,False,insufficient_history_fallback,0.050000,relative_anomaly_score_not_probability,False,0.000000
EH-000050,0.000000,0.000000,3.500000,False,insufficient_history,0.000000,0.000000,0.000000,False,insufficient_history_fallback,0.050000,relative_anomaly_score_not_probability,False,0.000000
EH-000051,0.000000,0.000000,3.500000,False,insufficient_history,0.000000,0.000000,0.000000,False,insufficient_history_fallback,0.050000,relative_anomaly_score_not_probability,False,0.000000
EH-000052,0.000000,0.000000,3.500000,False,insufficient_history,0.000000,0.000000,0.000000,False,insufficient_history_fallback,0.050000,relative_anomaly_score_not_probability,False,0.000000
EH-000053,0.000000,0.000000,3.500000,False,insufficient_history,0.000000,0.000000,0.000000,False,insufficient_history_fallback,0.050000,relative_anomaly_score_not_probability,False,0.000000
EH-000054,0.000000,0.000000,3.500000,False,insufficient_history,0.000000,0.000000,0.000000,False,insufficient_history_fallback,0.050000,relative_anomaly_score_not_probability,False,0.000000
EH-000055,0.000000,0.000000,3.500000,False,insufficient_history,0.000000,0.000000,0.000000,False,insufficient_history_fallback,0.050000,relative_anomaly_score_not_probability,False,0.000000
EH-000056,0.000000,0.000000,3.500000,False,insufficient_history,0.000000,0.000000,0.000000,False,insufficient_history_fallback,0.050000,relative_anomaly_score_not_probability,False,0.000000
EH-000057,0.000000,0.000000,3.500000,False,insufficient_history,0.000000,0.000000,0.000000,False,insufficient_history_fallback,0.050000,relative_anomaly_score_not_probability,False,0.000000
EH-000058,0.000000,0.000000,3.500000,False,insufficient_history,0.000000,0.000000,0.000000,False,insufficient_history_fallback,0.050000,relative_anomaly_score_not_probability,False,0.000000
EH-000059,0.000000,0.000000,3.500000,False,insufficient_history,0.000000,0.000000,0.000000,False,insufficient_history_fallback,0.050000,relative_anomaly_score_not_probability,False,0.000000
EH-000060,0.000000,0.000000,3.500000,False,insufficient_history,0.000000,0.000000,0.000000,False,insufficient_history_fallback,0.050000,relative_anomaly_score_not_probability,False,0.000000
EH-000061,0.000000,0.000000,3.500000,False,insufficient_history,0.000000,0.000000,0.000000,False,insufficient_history_fallback,0.050000,relative_anomaly_score_not_probability,False,0.000000
EH-000062,0.000000,0.000000,3.500000,False,insufficient_history,0.000000,0.000000,0.000000,False,insufficient_history_fallback,0.050000,relative_anomaly_score_not_probability,False,0.000000
EH-000063,0.000000,0.000000,3.500000,False,insufficient_history,0.000000,0.000000,0.000000,False,insufficient_history_fallback,0.050000,relative_anomaly_score_not_probability,False,0.000000
EH-000064,0.000000,0.000000,3.500000,False,insufficient_history,0.000000,0.000000,0.000000,False,insufficient_history_fallback,0.050000,relative_anomaly_score_not_probability,False,0.000000
EH-000065,0.000000,0.000000,3.500000,False,insufficient_history,0.000000,0.000000,0.000000,False,insufficient_history_fallback,0.050000,relative_anomaly_score_not_probability,False,0.000000
EH-000066,0.000000,0.000000,3.500000,False,insufficient_history,0.000000,0.000000,0.000000,False,insufficient_history_fallback,0.050000,relative_anomaly_score_not_probability,False,0.000000
EH-000067,0.000000,0.000000,3.500000,False,insufficient_history,0.000000,0.000000,0.000000,False,insufficient_history_fallback,0.050000,relative_anomaly_score_not_probability,False,0.000000
EH-000068,0.000000,0.000000,3.500000,False,insufficient_history,0.000000,0.000000,0.000000,False,insufficient_history_fallback,0.050000,relative_anomaly_score_not_probability,False,0.000000
EH-000069,0.000000,0.000000,3.500000,False,insufficient_history,0.000000,0.000000,0.000000,False,insufficient_history_fallback,0.050000,relative_anomaly_score_not_probability,False,0.000000
EH-000070,0.000000,0.000000,3.500000,False,insufficient_history,0.000000,0.000000,0.000000,False,insufficient_history_fallback,0.050000,relative_anomaly_score_not_probability,False,0.000000
EH-000071,0.000000,0.000000,3.500000,False,insufficient_history,0.000000,0.000000,0.000000,False,insufficient_history_fallback,0.050000,relative_anomaly_score_not_probability,False,0.000000
EH-000072,0.000000,0.000000,3.500000,False,insufficient_history,0.000000,0.000000,0.000000,False,insufficient_history_fallback,0.050000,relative_anomaly_score_not_probability,False,0.000000
EH-000073,0.000000,0.000000,3.500000,False,insufficient_history,0.000000,0.000000,0.000000,False,insufficient_history_fallback,0.050000,relative_anomaly_score_not_probability,False,0.000000
EH-000074,0.000000,0.000000,3.500000,False,insufficient_history,0.000000,0.000000,0.000000,False,insufficient_history_fallback,0.050000,relative_anomaly_score_not_probability,False,0.000000
EH-000075,0.000000,0.000000,3.500000,False,insufficient_history,0.000000,0.000000,0.000000,False,insufficient_history_fallback,0.050000,relative_anomaly_score_not_probability,False,0.000000
EH-000076,0.000000,0.000000,3.500000,False,insufficient_history,0.000000,0.000000,0.000000,False,insufficient_history_fallback,0.050000,relative_anomaly_score_not_probability,False,0.000000
EH-000077,0.000000,0.000000,3.500000,False,insufficient_history,0.000000,0.000000,0.000000,False,insufficient_history_fallback,0.050000,relative_anomaly_score_not_probability,False,0.000000
EH-000078,0.000000,0.000000,3.500000,False,insufficient_history,0.000000,0.000000,0.000000,False,insufficient_history_fallback,0.050000,relative_anomaly_score_not_probability,False,0.000000
EH-000079,0.000000,0.000000,3.500000,False,insufficient_history,0.000000,0.000000,0.000000,False,insufficient_history_fallback,0.050000,relative_anomaly_score_not_probability,False,0.000000
EH-000080,0.000000,0.000000,3.500000,False,insufficient_history,0.000000,0.000000,0.000000,False,insufficient_history_fallback,0.050000,relative_anomaly_score_not_probability,False,0.000000
EH-000081,0.000000,0.000000,3.500000,False,insufficient_history,0.000000,0.000000,0.000000,False,insufficient_history_fallback,0.050000,relative_anomaly_score_not_probability,False,0.000000
EH-000082,0.000000,0.000000,3.500000,False,insufficient_history,0.000000,0.000000,0.000000,False,insufficient_history_fallback,0.050000,relative_anomaly_score_not_probability,False,0.000000
EH-000083,0.000000,0.000000,3.500000,False,insufficient_history,0.000000,0.000000,0.000000,False,insufficient_history_fallback,0.050000,relative_anomaly_score_not_probability,False,0.000000
EH-000084,0.000000,0.000000,3.500000,False,insufficient_history,0.000000,0.000000,0.000000,False,insufficient_history_fallback,0.050000,relative_anomaly_score_not_probability,False,0.000000
EH-000085,0.000000,0.000000,3.500000,False,insufficient_history,0.000000,0.000000,0.000000,False,insufficient_history_fallback,0.050000,relative_anomaly_score_not_probability,False,0.000000
EH-000086,0.000000,0.000000,3.500000,False,insufficient_history,0.000000,0.000000,0.000000,False,insufficient_history_fallback,0.050000,relative_anomaly_score_not_probability,False,0.000000
EH-000087,0.000000,0.000000,3.500000,False,insufficient_history,0.000000,0.000000,0.000000,False,insufficient_history_fallback,0.050000,relative_anomaly_score_not_probability,False,0.000000
EH-000088,0.000000,0.000000,3.500000,False,insufficient_history,0.000000,0.000000,0.000000,False,insufficient_history_fallback,0.050000,relative_anomaly_score_not_probability,False,0.000000
EH-000089,0.000000,0.000000,3.500000,False,insufficient_history,0.000000,0.000000,0.000000,False,insufficient_history_fallback,0.050000,relative_anomaly_score_not_probability,False,0.000000
EH-000090,0.000000,0.000000,3.500000,False,insufficient_history,0.000000,0.000000,0.000000,False,insufficient_history_fallback,0.050000,relative_anomaly_score_not_probability,False,0.000000
EH-000091,0.000000,0.000000,3.500000,False,insufficient_history,0.000000,0.000000,0.000000,False,insufficient_history_fallback,0.050000,relative_anomaly_score_not_probability,False,0.000000
EH-000092,0.000000,0.000000,3.500000,False,insufficient_history,0.000000,0.000000,0.000000,False,insufficient_history_fallback,0.050000,relative_anomaly_score_not_probability,False,0.000000
EH-000093,0.000000,0.000000,3.500000,False,insufficient_history,0.000000,0.000000,0.000000,False,insufficient_history_fallback,0.050000,relative_anomaly_score_not_probability,False,0.000000
EH-000094,0.000000,0.000000,3.500000,False,insufficient_history,0.000000,0.000000,0.000000,False,insufficient_history_fallback,0.050000,relative_anomaly_score_not_probability,False,0.000000
EH-000095,0.000000,0.000000,3.500000,False,insufficient_history,0.000000,0.000000,0.000000,False,insufficient_history_fallback,0.050000,relative_anomaly_score_not_probability,False,0.000000
EH-000096,0.000000,0.000000,3.500000,False,insufficient_history,0.000000,0.000000,0.000000,False,insufficient_history_fallback,0.050000,relative_anomaly_score_not_probability,False,0.000000
EH-000097,0.000000,0.000000,3.500000,False,insufficient_history,0.000000,0.000000,0.000000,False,insufficient_history_fallback,0.050000,relative_anomaly_score_not_probability,False,0.000000
EH-000098,0.000000,0.000000,3.500000,False,insufficient_history,0.000000,0.000000,0.000000,False,insufficient_history_fallback,0.050000,relative_anomaly_score_not_probability,False,0.000000
EH-000099,0.000000,0.000000,3.500000,False,insufficient_history,0.000000,0.000000,0.000000,False,insufficient_history_fallback,0.050000,relative_anomaly_score_not_probability,False,0.000000
EH-000100,0.000000,0.000000,3.500000,False,insufficient_history,0.000000,0.000000,0.000000,False,insufficient_history_fallback,0.050000,relative_anomaly_score_not_probability,False,0.000000
EH-000101,0.000000,0.000000,3.500000,False,insufficient_history,0.000000,0.000000,0.000000,False,insufficient_history_fallback,0.050000,relative_anomaly_score_not_probability,False,0.000000
EH-000102,0.000000,0.000000,3.500000,False,insufficient_history,0.000000,0.000000,0.000000,False,insufficient_history_fallback,0.050000,relative_anomaly_score_not_probability,False,0.000000
EH-000103,0.000000,0.000000,3.500000,False,insufficient_history,0.000000,0.000000,0.000000,False,insufficient_history_fallback,0.050000,relative_anomaly_score_not_probability,False,0.000000
EH-000104,0.000000,0.000000,3.500000,False,insufficient_history,0.000000,0.000000,0.000000,False,insufficient_history_fallback,0.050000,relative_anomaly_score_not_probability,False,0.000000
EH-000105,0.000000,0.000000,3.500000,False,insufficient_history,0.000000,0.000000,0.000000,False,insufficient_history_fallback,0.050000,relative_anomaly_score_not_probability,False,0.000000
EH-000106,0.000000,0.000000,3.500000,False,insufficient_history,0.000000,0.000000,0.000000,False,insufficient_history_fallback,0.050000,relative_anomaly_score_not_probability,False,0.000000
EH-000107,0.000000,0.000000,3.500000,False,insufficient_history,0.000000,0.000000,0.000000,False,insufficient_history_fallback,0.050000,relative_anomaly_score_not_probability,False,0.000000
EH-000108,0.000000,0.000000,3.500000,False,insufficient_history,0.000000,0.000000,0.000000,False,insufficient_history_fallback,0.050000,relative_anomaly_score_not_probability,False,0.000000
EH-000109,0.000000,0.000000,3.500000,False,insufficient_history,0.000000,0.000000,0.000000,False,insufficient_history_fallback,0.050000,relative_anomaly_score_not_probability,False,0.000000
EH-000110,0.000000,0.000000,3.500000,False,insufficient_history,0.000000,0.000000,0.000000,False,insufficient_history_fallback,0.050000,relative_anomaly_score_not_probability,False,0.000000
EH-000111,0.000000,0.000000,3.500000,False,insufficient_history,0.000000,0.000000,0.000000,False,insufficient_history_fallback,0.050000,relative_anomaly_score_not_probability,False,0.000000
EH-000112,0.000000,0.000000,3.500000,False,insufficient_history,0.000000,0.000000,0.000000,False,insufficient_history_fallback,0.050000,relative_anomaly_score_not_probability,False,0.000000
EH-000113,0.000000,0.000000,3.500000,False,insufficient_history,0.000000,0.000000,0.000000,False,insufficient_history_fallback,0.050000,relative_anomaly_score_not_probability,False,0.000000
EH-000114,0.000000,0.000000,3.500000,False,insufficient_history,0.000000,0.000000,0.000000,False,insufficient_history_fallback,0.050000,relative_anomaly_score_not_probability,False,0.000000
EH-000115,0.000000,0.000000,3.500000,False,insufficient_history,0.000000,0.000000,0.000000,False,insufficient_history_fallback,0.050000,relative_anomaly_score_not_probability,False,0.000000
EH-000116,0.000000,0.000000,3.500000,False,insufficient_history,0.000000,0.000000,0.000000,False,insufficient_history_fallback,0.050000,relative_anomaly_score_not_probability,False,0.000000
EH-000117,0.000000,0.000000,3.500000,False,insufficient_history,0.000000,0.000000,0.000000,False,insufficient_history_fallback,0.050000,relative_anomaly_score_not_probability,False,0.000000
EH-000118,0.000000,0.000000,3.500000,False,insufficient_history,0.000000,0.000000,0.000000,False,insufficient_history_fallback,0.050000,relative_anomaly_score_not_probability,False,0.000000
EH-000119,0.000000,0.000000,3.500000,False,insufficient_history,0.000000,0.000000,0.000000,False,insufficient_history_fallback,0.050000,relative_anomaly_score_not_probability,False,0.000000
EH-000120,0.000000,0.000000,3.500000,False,insufficient_history,0.000000,0.000000,0.000000,False,insufficient_history_fallback,0.050000,relative_anomaly_score_not_probability,False,0.000000
EH-000121,0.000000,0.000000,3.500000,False,insufficient_history,0.000000,0.000000,0.000000,False,insufficient_history_fallback,0.050000,relative_anomaly_score_not_probability,False,0.000000
EH-000122,0.000000,0.000000,3.500000,False,insufficient_history,0.000000,0.000000,0.000000,False,insufficient_history_fallback,0.050000,relative_anomaly_score_not_probability,False,0.000000
EH-000123,0.000000,0.000000,3.500000,False,insufficient_history,0.000000,0.000000,0.000000,False,insufficient_history_fallback,0.050000,relative_anomaly_score_not_probability,False,0.000000
EH-000124,0.000000,0.000000,3.500000,False,insufficient_history,0.000000,0.000000,0.000000,False,insufficient_history_fallback,0.050000,relative_anomaly_score_not_probability,False,0.000000
EH-000125,0.000000,0.000000,3.500000,False,insufficient_history,0.000000,0.000000,0.000000,False,insufficient_history_fallback,0.050000,relative_anomaly_score_not_probability,False,0.000000
EH-000126,0.000000,0.000000,3.500000,False,insufficient_history,0.000000,0.000000,0.000000,False,insufficient_history_fallback,0.050000,relative_anomaly_score_not_probability,False,0.000000
EH-000127,0.000000,0.000000,3.500000,False,insufficient_history,0.000000,0.000000,0.000000,False,insufficient_history_fallback,0.050000,relative_anomaly_score_not_probability,False,0.000000
EH-000128,0.000000,0.000000,3.500000,False,insufficient_history,0.000000,0.000000,0.000000,False,insufficient_history_fallback,0.050000,relative_anomaly_score_not_probability,False,0.000000
EH-000129,0.000000,0.000000,3.500000,False,insufficient_history,0.000000,0.000000,0.000000,False,insufficient_history_fallback,0.050000,relative_anomaly_score_not_probability,False,0.000000
EH-000130,0.000000,0.000000,3.500000,False,insufficient_history,0.000000,0.000000,0.000000,False,insufficient_history_fallback,0.050000,relative_anomaly_score_not_probability,False,0.000000
EH-000131,0.000000,0.000000,3.500000,False,insufficient_history,0.000000,0.000000,0.000000,False,insufficient_history_fallback,0.050000,relative_anomaly_score_not_probability,False,0.000000
EH-000132,0.000000,0.000000,3.500000,False,insufficient_history,0.000000,0.000000,0.000000,False,insufficient_history_fallback,0.050000,relative_anomaly_score_not_probability,False,0.000000
EH-000133,0.000000,0.000000,3.500000,False,insufficient_history,0.000000,0.000000,0.000000,False,insufficient_history_fallback,0.050000,relative_anomaly_score_not_probability,False,0.000000
EH-000134,0.000000,0.000000,3.500000,False,insufficient_history,0.000000,0.000000,0.000000,False,insufficient_history_fallback,0.050000,relative_anomaly_score_not_probability,False,0.000000
EH-000135,0.000000,0.000000,3.500000,False,insufficient_history,0.000000,0.000000,0.000000,False,insufficient_history_fallback,0.050000,relative_anomaly_score_not_probability,False,0.000000
EH-000136,0.000000,0.000000,3.500000,False,insufficient_history,0.000000,0.000000,0.000000,False,insufficient_history_fallback,0.050000,relative_anomaly_score_not_probability,False,0.000000
EH-000137,0.000000,0.000000,3.500000,False,insufficient_history,0.000000,0.000000,0.000000,False,insufficient_history_fallback,0.050000,relative_anomaly_score_not_probability,False,0.000000
EH-000138,0.000000,0.000000,3.500000,False,insufficient_history,0.000000,0.000000,0.000000,False,insufficient_history_fallback,0.050000,relative_anomaly_score_not_probability,False,0.000000
EH-000139,0.000000,0.000000,3.500000,False,insufficient_history,0.000000,0.000000,0.000000,False,insufficient_history_fallback,0.050000,relative_anomaly_score_not_probability,False,0.000000
EH-000140,0.000000,0.000000,3.500000,False,insufficient_history,0.000000,0.000000,0.000000,False,insufficient_history_fallback,0.050000,relative_anomaly_score_not_probability,False,0.000000
EH-000141,0.000000,0.000000,3.500000,False,insufficient_history,0.000000,0.000000,0.000000,False,insufficient_history_fallback,0.050000,relative_anomaly_score_not_probability,False,0.000000
EH-000142,0.000000,0.000000,3.500000,False,insufficient_history,0.000000,0.000000,0.000000,False,insufficient_history_fallback,0.050000,relative_anomaly_score_not_probability,False,0.000000
EH-000143,0.000000,0.000000,3.500000,False,insufficient_history,0.000000,0.000000,0.000000,False,insufficient_history_fallback,0.050000,relative_anomaly_score_not_probability,False,0.000000
EH-000144,0.000000,0.000000,3.500000,False,insufficient_history,0.000000,0.000000,0.000000,False,insufficient_history_fallback,0.050000,relative_anomaly_score_not_probability,False,0.000000
EH-000145,0.000000,0.000000,3.500000,False,insufficient_history,0.000000,0.000000,0.000000,False,insufficient_history_fallback,0.050000,relative_anomaly_score_not_probability,False,0.000000
EH-000146,0.000000,0.000000,3.500000,False,insufficient_history,0.000000,0.000000,0.000000,False,insufficient_history_fallback,0.050000,relative_anomaly_score_not_probability,False,0.000000
EH-000147,0.000000,0.000000,3.500000,False,insufficient_history,0.000000,0.000000,0.000000,False,insufficient_history_fallback,0.050000,relative_anomaly_score_not_probability,False,0.000000
EH-000148,0.000000,0.000000,3.500000,False,insufficient_history,0.000000,0.000000,0.000000,False,insufficient_history_fallback,0.050000,relative_anomaly_score_not_probability,False,0.000000
EH-000149,0.000000,0.000000,3.500000,False,insufficient_history,0.000000,0.000000,0.000000,False,insufficient_history_fallback,0.050000,relative_anomaly_score_not_probability,False,0.000000
EH-000150,0.000000,0.000000,3.500000,False,insufficient_history,0.000000,0.000000,0.000000,False,insufficient_history_fallback,0.050000,relative_anomaly_score_not_probability,False,0.000000
EH-000151,0.000000,0.000000,3.500000,False,insufficient_history,0.000000,0.000000,0.000000,False,insufficient_history_fallback,0.050000,relative_anomaly_score_not_probability,False,0.000000
EH-000152,0.000000,0.000000,3.500000,False,insufficient_history,0.000000,0.000000,0.000000,False,insufficient_history_fallback,0.050000,relative_anomaly_score_not_probability,False,0.000000
EH-000153,0.000000,0.000000,3.500000,False,insufficient_history,0.000000,0.000000,0.000000,False,insufficient_history_fallback,0.050000,relative_anomaly_score_not_probability,False,0.000000
EH-000154,0.000000,0.000000,3.500000,False,insufficient_history,0.000000,0.000000,0.000000,False,insufficient_history_fallback,0.050000,relative_anomaly_score_not_probability,False,0.000000
EH-000155,0.000000,0.000000,3.500000,False,insufficient_history,0.000000,0.000000,0.000000,False,insufficient_history_fallback,0.050000,relative_anomaly_score_not_probability,False,0.000000
EH-000156,0.000000,0.000000,3.500000,False,insufficient_history,0.000000,0.000000,0.000000,False,insufficient_history_fallback,0.050000,relative_anomaly_score_not_probability,False,0.000000
EH-000157,0.000000,0.000000,3.500000,False,insufficient_history,0.000000,0.000000,0.000000,False,insufficient_history_fallback,0.050000,relative_anomaly_score_not_probability,False,0.000000
EH-000158,0.000000,0.000000,3.500000,False,insufficient_history,0.000000,0.000000,0.000000,False,insufficient_history_fallback,0.050000,relative_anomaly_score_not_probability,False,0.000000
EH-000159,0.000000,0.000000,3.500000,False,insufficient_history,0.000000,0.000000,0.000000,False,insufficient_history_fallback,0.050000,relative_anomaly_score_not_probability,False,0.000000
EH-000160,0.000000,0.000000,3.500000,False,insufficient_history,0.000000,0.000000,0.000000,False,insufficient_history_fallback,0.050000,relative_anomaly_score_not_probability,False,0.000000
EH-000161,0.000000,0.000000,3.500000,False,insufficient_history,0.000000,0.000000,0.000000,False,insufficient_history_fallback,0.050000,relative_anomaly_score_not_probability,False,0.000000
EH-000162,0.000000,0.000000,3.500000,False,insufficient_history,0.000000,0.000000,0.000000,False,insufficient_history_fallback,0.050000,relative_anomaly_score_not_probability,False,0.000000
EH-000163,0.000000,0.000000,3.500000,False,insufficient_history,0.000000,0.000000,0.000000,False,insufficient_history_fallback,0.050000,relative_anomaly_score_not_probability,False,0.000000
EH-000164,0.000000,0.000000,3.500000,False,insufficient_history,0.000000,0.000000,0.000000,False,insufficient_history_fallback,0.050000,relative_anomaly_score_not_probability,False,0.000000
EH-000165,0.000000,0.000000,3.500000,False,insufficient_history,0.000000,0.000000,0.000000,False,insufficient_history_fallback,0.050000,relative_anomaly_score_not_probability,False,0.000000
EH-000166,0.000000,0.000000,3.500000,False,insufficient_history,0.000000,0.000000,0.000000,False,insufficient_history_fallback,0.050000,relative_anomaly_score_not_probability,False,0.000000
EH-000167,0.000000,0.000000,3.500000,False,insufficient_history,0.000000,0.000000,0.000000,False,insufficient_history_fallback,0.050000,relative_anomaly_score_not_probability,False,0.000000
EH-000168,0.000000,0.000000,3.500000,False,insufficient_history,0.000000,0.000000,0.000000,False,insufficient_history_fallback,0.050000,relative_anomaly_score_not_probability,False,0.000000
EH-000169,0.000000,0.000000,3.500000,False,insufficient_history,0.000000,0.000000,0.000000,False,insufficient_history_fallback,0.050000,relative_anomaly_score_not_probability,False,0.000000
EH-000170,0.000000,0.000000,3.500000,False,insufficient_history,0.000000,0.000000,0.000000,False,insufficient_history_fallback,0.050000,relative_anomaly_score_not_probability,False,0.000000
EH-000171,0.000000,0.000000,3.500000,False,insufficient_history,0.000000,0.000000,0.000000,False,insufficient_history_fallback,0.050000,relative_anomaly_score_not_probability,False,0.000000
EH-000172,0.000000,0.000000,3.500000,False,insufficient_history,0.000000,0.000000,0.000000,False,insufficient_history_fallback,0.050000,relative_anomaly_score_not_probability,False,0.000000
EH-000173,0.000000,0.000000,3.500000,False,insufficient_history,0.000000,0.000000,0.000000,False,insufficient_history_fallback,0.050000,relative_anomaly_score_not_probability,False,0.000000
EH-000174,0.000000,0.000000,3.500000,False,insufficient_history,0.000000,0.000000,0.000000,False,insufficient_history_fallback,0.050000,relative_anomaly_score_not_probability,False,0.000000
EH-000175,0.000000,0.000000,3.500000,False,insufficient_history,0.000000,0.000000,0.000000,False,insufficient_history_fallback,0.050000,relative_anomaly_score_not_probability,False,0.000000
EH-000176,0.000000,0.000000,3.500000,False,insufficient_history,0.000000,0.000000,0.000000,False,insufficient_history_fallback,0.050000,relative_anomaly_score_not_probability,False,0.000000
EH-000177,0.000000,0.000000,3.500000,False,insufficient_history,0.000000,0.000000,0.000000,False,insufficient_history_fallback,0.050000,relative_anomaly_score_not_probability,False,0.000000
EH-000178,0.000000,0.000000,3.500000,False,insufficient_history,0.000000,0.000000,0.000000,False,insufficient_history_fallback,0.050000,relative_anomaly_score_not_probability,False,0.000000
EH-000179,0.000000,0.000000,3.500000,False,insufficient_history,0.000000,0.000000,0.000000,False,insufficient_history_fallback,0.050000,relative_anomaly_score_not_probability,False,0.000000
EH-000180,0.000000,0.000000,3.500000,False,insufficient_history,0.000000,0.000000,0.000000,False,insufficient_history_fallback,0.050000,relative_anomaly_score_not_probability,False,0.000000
EH-000181,0.000000,0.000000,3.500000,False,insufficient_history,0.000000,0.000000,0.000000,False,insufficient_history_fallback,0.050000,relative_anomaly_score_not_probability,False,0.000000
EH-000182,0.000000,0.000000,3.500000,False,insufficient_history,0.000000,0.000000,0.000000,False,insufficient_history_fallback,0.050000,relative_anomaly_score_not_probability,False,0.000000
EH-000183,0.000000,0.000000,3.500000,False,insufficient_history,0.000000,0.000000,0.000000,False,insufficient_history_fallback,0.050000,relative_anomaly_score_not_probability,False,0.000000
EH-000184,0.000000,0.000000,3.500000,False,insufficient_history,0.000000,0.000000,0.000000,False,insufficient_history_fallback,0.050000,relative_anomaly_score_not_probability,False,0.000000
EH-000185,0.000000,0.000000,3.500000,False,insufficient_history,0.000000,0.000000,0.000000,False,insufficient_history_fallback,0.050000,relative_anomaly_score_not_probability,False,0.000000
EH-000186,0.000000,0.000000,3.500000,False,insufficient_history,0.000000,0.000000,0.000000,False,insufficient_history_fallback,0.050000,relative_anomaly_score_not_probability,False,0.000000
EH-000187,0.000000,0.000000,3.500000,False,insufficient_history,0.000000,0.000000,0.000000,False,insufficient_history_fallback,0.050000,relative_anomaly_score_not_probability,False,0.000000
EH-000188,0.000000,0.000000,3.500000,False,insufficient_history,0.000000,0.000000,0.000000,False,insufficient_history_fallback,0.050000,relative_anomaly_score_not_probability,False,0.000000
EH-000189,0.000000,0.000000,3.500000,False,insufficient_history,0.000000,0.000000,0.000000,False,insufficient_history_fallback,0.050000,relative_anomaly_score_not_probability,False,0.000000
EH-000190,0.000000,0.000000,3.500000,False,insufficient_history,0.000000,0.000000,0.000000,False,insufficient_history_fallback,0.050000,relative_anomaly_score_not_probability,False,0.000000
EH-000191,0.000000,0.000000,3.500000,False,insufficient_history,0.000000,0.000000,0.000000,False,insufficient_history_fallback,0.050000,relative_anomaly_score_not_probability,False,0.000000
EH-000192,0.000000,0.000000,3.500000,False,insufficient_history,0.000000,0.000000,0.000000,False,insufficient_history_fallback,0.050000,relative_anomaly_score_not_probability,False,0.000000
EH-000193,0.000000,0.000000,3.500000,False,insufficient_history,0.000000,0.000000,0.000000,False,insufficient_history_fallback,0.050000,relative_anomaly_score_not_probability,False,0.000000
EH-000194,0.000000,0.000000,3.500000,False,insufficient_history,0.000000,0.000000,0.000000,False,insufficient_history_fallback,0.050000,relative_anomaly_score_not_probability,False,0.000000
EH-000195,0.000000,0.000000,3.500000,False,insufficient_history,0.000000,0.000000,0.000000,False,insufficient_history_fallback,0.050000,relative_anomaly_score_not_probability,False,0.000000
EH-000196,0.000000,0.000000,3.500000,False,insufficient_history,0.000000,0.000000,0.000000,False,insufficient_history_fallback,0.050000,relative_anomaly_score_not_probability,False,0.000000
EH-000197,0.000000,0.000000,3.500000,False,insufficient_history,0.000000,0.000000,0.000000,False,insufficient_history_fallback,0.050000,relative_anomaly_score_not_probability,False,0.000000
EH-000198,0.000000,0.000000,3.500000,False,insufficient_history,0.000000,0.000000,0.000000,False,insufficient_history_fallback,0.050000,relative_anomaly_score_not_probability,False,0.000000
EH-000199,0.000000,0.000000,3.500000,False,insufficient_history,0.000000,0.000000,0.000000,False,insufficient_history_fallback,0.050000,relative_anomaly_score_not_probability,False,0.000000
EH-000200,0.000000,0.000000,3.500000,False,insufficient_history,0.000000,0.000000,0.000000,False,insufficient_history_fallback,0.050000,relative_anomaly_score_not_probability,False,0.000000
EH-000201,0.000000,0.000000,3.500000,False,insufficient_history,0.000000,0.000000,0.000000,False,insufficient_history_fallback,0.050000,relative_anomaly_score_not_probability,False,0.000000
EH-000202,0.000000,0.000000,3.500000,False,insufficient_history,0.000000,0.000000,0.000000,False,insufficient_history_fallback,0.050000,relative_anomaly_score_not_probability,False,0.000000
EH-000203,0.000000,0.000000,3.500000,False,insufficient_history,0.000000,0.000000,0.000000,False,insufficient_history_fallback,0.050000,relative_anomaly_score_not_probability,False,0.000000
EH-000204,0.000000,0.000000,3.500000,False,insufficient_history,0.000000,0.000000,0.000000,False,insufficient_history_fallback,0.050000,relative_anomaly_score_not_probability,False,0.000000
EH-000205,0.000000,0.000000,3.500000,False,insufficient_history,0.000000,0.000000,0.000000,False,insufficient_history_fallback,0.050000,relative_anomaly_score_not_probability,False,0.000000
EH-000206,0.000000,0.000000,3.500000,False,insufficient_history,0.000000,0.000000,0.000000,False,insufficient_history_fallback,0.050000,relative_anomaly_score_not_probability,False,0.000000
EH-000207,0.000000,0.000000,3.500000,False,insufficient_history,0.000000,0.000000,0.000000,False,insufficient_history_fallback,0.050000,relative_anomaly_score_not_probability,False,0.000000
EH-000208,0.000000,0.000000,3.500000,False,insufficient_history,0.000000,0.000000,0.000000,False,insufficient_history_fallback,0.050000,relative_anomaly_score_not_probability,False,0.000000
EH-000209,0.000000,0.000000,3.500000,False,insufficient_history,0.000000,0.000000,0.000000,False,insufficient_history_fallback,0.050000,relative_anomaly_score_not_probability,False,0.000000
EH-000210,0.000000,0.000000,3.500000,False,insufficient_history,0.000000,0.000000,0.000000,False,insufficient_history_fallback,0.050000,relative_anomaly_score_not_probability,False,0.000000
EH-000211,0.000000,0.000000,3.500000,False,insufficient_history,0.000000,0.000000,0.000000,False,insufficient_history_fallback,0.050000,relative_anomaly_score_not_probability,False,0.000000
EH-000212,0.000000,0.000000,3.500000,False,insufficient_history,0.000000,0.000000,0.000000,False,insufficient_history_fallback,0.050000,relative_anomaly_score_not_probability,False,0.000000
EH-000213,0.000000,0.000000,3.500000,False,insufficient_history,0.000000,0.000000,0.000000,False,insufficient_history_fallback,0.050000,relative_anomaly_score_not_probability,False,0.000000
EH-000214,0.000000,0.000000,3.500000,False,insufficient_history,0.000000,0.000000,0.000000,False,insufficient_history_fallback,0.050000,relative_anomaly_score_not_probability,False,0.000000
EH-000215,0.000000,0.000000,3.500000,False,insufficient_history,0.000000,0.000000,0.000000,False,insufficient_history_fallback,0.050000,relative_anomaly_score_not_probability,False,0.000000
EH-000216,0.000000,0.000000,3.500000,False,insufficient_history,0.000000,0.000000,0.000000,False,insufficient_history_fallback,0.050000,relative_anomaly_score_not_probability,False,0.000000
EH-000217,0.000000,0.000000,3.500000,False,insufficient_history,0.000000,0.000000,0.000000,False,insufficient_history_fallback,0.050000,relative_anomaly_score_not_probability,False,0.000000
EH-000218,0.000000,0.000000,3.500000,False,insufficient_history,0.000000,0.000000,0.000000,False,insufficient_history_fallback,0.050000,relative_anomaly_score_not_probability,False,0.000000
EH-000219,0.000000,0.000000,3.500000,False,insufficient_history,0.000000,0.000000,0.000000,False,insufficient_history_fallback,0.050000,relative_anomaly_score_not_probability,False,0.000000
EH-000220,0.000000,0.000000,3.500000,False,insufficient_history,0.000000,0.000000,0.000000,False,insufficient_history_fallback,0.050000,relative_anomaly_score_not_probability,False,0.000000
EH-000221,0.000000,0.000000,3.500000,False,insufficient_history,0.000000,0.000000,0.000000,False,insufficient_history_fallback,0.050000,relative_anomaly_score_not_probability,False,0.000000
EH-000222,0.000000,0.000000,3.500000,False,insufficient_history,0.000000,0.000000,0.000000,False,insufficient_history_fallback,0.050000,relative_anomaly_score_not_probability,False,0.000000
EH-000223,0.000000,0.000000,3.500000,False,insufficient_history,0.000000,0.000000,0.000000,False,insufficient_history_fallback,0.050000,relative_anomaly_score_not_probability,False,0.000000
EH-000224,0.000000,0.000000,3.500000,False,insufficient_history,0.000000,0.000000,0.000000,False,insufficient_history_fallback,0.050000,relative_anomaly_score_not_probability,False,0.000000
EH-000225,0.000000,0.000000,3.500000,False,insufficient_history,0.000000,0.000000,0.000000,False,insufficient_history_fallback,0.050000,relative_anomaly_score_not_probability,False,0.000000
EH-000226,0.000000,0.000000,3.500000,False,insufficient_history,0.000000,0.000000,0.000000,False,insufficient_history_fallback,0.050000,relative_anomaly_score_not_probability,False,0.000000
EH-000227,0.000000,0.000000,3.500000,False,insufficient_history,0.000000,0.000000,0.000000,False,insufficient_history_fallback,0.050000,relative_anomaly_score_not_probability,False,0.000000
EH-000228,0.000000,0.000000,3.500000,False,insufficient_history,0.000000,0.000000,0.000000,False,insufficient_history_fallback,0.050000,relative_anomaly_score_not_probability,False,0.000000
EH-000229,0.000000,0.000000,3.500000,False,insufficient_history,0.000000,0.000000,0.000000,False,insufficient_history_fallback,0.050000,relative_anomaly_score_not_probability,False,0.000000
EH-000230,0.000000,0.000000,3.500000,False,insufficient_history,0.000000,0.000000,0.000000,False,insufficient_history_fallback,0.050000,relative_anomaly_score_not_probability,False,0.000000
EH-000231,0.000000,0.000000,3.500000,False,insufficient_history,0.000000,0.000000,0.000000,False,insufficient_history_fallback,0.050000,relative_anomaly_score_not_probability,False,0.000000
EH-000232,0.000000,0.000000,3.500000,False,insufficient_history,0.000000,0.000000,0.000000,False,insufficient_history_fallback,0.050000,relative_anomaly_score_not_probability,False,0.000000
EH-000233,0.000000,0.000000,3.500000,False,insufficient_history,0.000000,0.000000,0.000000,False,insufficient_history_fallback,0.050000,relative_anomaly_score_not_probability,False,0.000000
EH-000234,0.000000,0.000000,3.500000,False,insufficient_history,0.000000,0.000000,0.000000,False,insufficient_history_fallback,0.050000,relative_anomaly_score_not_probability,False,0.000000
EH-000235,0.000000,0.000000,3.500000,False,insufficient_history,0.000000,0.000000,0.000000,False,insufficient_history_fallback,0.050000,relative_anomaly_score_not_probability,False,0.000000
EH-000236,0.000000,0.000000,3.500000,False,insufficient_history,0.000000,0.000000,0.000000,False,insufficient_history_fallback,0.050000,relative_anomaly_score_not_probability,False,0.000000
EH-000237,0.000000,0.000000,3.500000,False,insufficient_history,0.000000,0.000000,0.000000,False,insufficient_history_fallback,0.050000,relative_anomaly_score_not_probability,False,0.000000
EH-000238,0.000000,0.000000,3.500000,False,insufficient_history,0.000000,0.000000,0.000000,False,insufficient_history_fallback,0.050000,relative_anomaly_score_not_probability,False,0.000000
EH-000239,0.000000,0.000000,3.500000,False,insufficient_history,0.000000,0.000000,0.000000,False,insufficient_history_fallback,0.050000,relative_anomaly_score_not_probability,False,0.000000
EH-000240,0.000000,0.000000,3.500000,False,insufficient_history,0.000000,0.000000,0.000000,False,insufficient_history_fallback,0.050000,relative_anomaly_score_not_probability,False,0.000000
EH-000241,0.000000,0.000000,3.500000,False,insufficient_history,0.000000,0.000000,0.000000,False,insufficient_history_fallback,0.050000,relative_anomaly_score_not_probability,False,0.000000
EH-000242,0.000000,0.000000,3.500000,False,insufficient_history,0.000000,0.000000,0.000000,False,insufficient_history_fallback,0.050000,relative_anomaly_score_not_probability,False,0.000000
EH-000243,0.000000,0.000000,3.500000,False,insufficient_history,0.000000,0.000000,0.000000,False,insufficient_history_fallback,0.050000,relative_anomaly_score_not_probability,False,0.000000
EH-000244,0.000000,0.000000,3.500000,False,insufficient_history,0.000000,0.000000,0.000000,False,insufficient_history_fallback,0.050000,relative_anomaly_score_not_probability,False,0.000000
EH-000245,0.000000,0.000000,3.500000,False,insufficient_history,0.000000,0.000000,0.000000,False,insufficient_history_fallback,0.050000,relative_anomaly_score_not_probability,False,0.000000
EH-000246,0.000000,0.000000,3.500000,False,insufficient_history,0.000000,0.000000,0.000000,False,insufficient_history_fallback,0.050000,relative_anomaly_score_not_probability,False,0.000000
EH-000247,0.000000,0.000000,3.500000,False,insufficient_history,0.000000,0.000000,0.000000,False,insufficient_history_fallback,0.050000,relative_anomaly_score_not_probability,False,0.000000
EH-000248,0.000000,0.000000,3.500000,False,insufficient_history,0.000000,0.000000,0.000000,False,insufficient_history_fallback,0.050000,relative_anomaly_score_not_probability,False,0.000000
EH-000249,0.000000,0.000000,3.500000,False,insufficient_history,0.000000,0.000000,0.000000,False,insufficient_history_fallback,0.050000,relative_anomaly_score_not_probability,False,0.000000
EH-000250,0.000000,0.000000,3.500000,False,insufficient_history,0.000000,0.000000,0.000000,False,insufficient_history_fallback,0.050000,relative_anomaly_score_not_probability,False,0.000000
EH-000251,0.000000,0.000000,3.500000,False,insufficient_history,0.000000,0.000000,0.000000,False,insufficient_history_fallback,0.050000,relative_anomaly_score_not_probability,False,0.000000
EH-000252,0.000000,0.000000,3.500000,False,insufficient_history,0.000000,0.000000,0.000000,False,insufficient_history_fallback,0.050000,relative_anomaly_score_not_probability,False,0.000000
EH-000253,0.000000,0.000000,3.500000,False,insufficient_history,0.000000,0.000000,0.000000,False,insufficient_history_fallback,0.050000,relative_anomaly_score_not_probability,False,0.000000
EH-000254,0.000000,0.000000,3.500000,False,insufficient_history,0.000000,0.000000,0.000000,False,insufficient_history_fallback,0.050000,relative_anomaly_score_not_probability,False,0.000000
EH-000255,0.000000,0.000000,3.500000,False,insufficient_history,0.000000,0.000000,0.000000,False,insufficient_history_fallback,0.050000,relative_anomaly_score_not_probability,False,0.000000
EH-000256,0.000000,0.000000,3.500000,False,insufficient_history,0.000000,0.000000,0.000000,False,insufficient_history_fallback,0.050000,relative_anomaly_score_not_probability,False,0.000000
EH-000257,0.000000,0.000000,3.500000,False,insufficient_history,0.000000,0.000000,0.000000,False,insufficient_history_fallback,0.050000,relative_anomaly_score_not_probability,False,0.000000
EH-000258,0.000000,0.000000,3.500000,False,insufficient_history,0.000000,0.000000,0.000000,False,insufficient_history_fallback,0.050000,relative_anomaly_score_not_probability,False,0.000000
EH-000259,0.000000,0.000000,3.500000,False,insufficient_history,0.000000,0.000000,0.000000,False,insufficient_history_fallback,0.050000,relative_anomaly_score_not_probability,False,0.000000
EH-000260,0.000000,0.000000,3.500000,False,insufficient_history,0.000000,0.000000,0.000000,False,insufficient_history_fallback,0.050000,relative_anomaly_score_not_probability,False,0.000000
EH-000261,0.000000,0.000000,3.500000,False,insufficient_history,0.000000,0.000000,0.000000,False,insufficient_history_fallback,0.050000,relative_anomaly_score_not_probability,False,0.000000
EH-000262,0.000000,0.000000,3.500000,False,insufficient_history,0.000000,0.000000,0.000000,False,insufficient_history_fallback,0.050000,relative_anomaly_score_not_probability,False,0.000000
EH-000263,0.000000,0.000000,3.500000,False,insufficient_history,0.000000,0.000000,0.000000,False,insufficient_history_fallback,0.050000,relative_anomaly_score_not_probability,False,0.000000
EH-000264,0.000000,0.000000,3.500000,False,insufficient_history,0.000000,0.000000,0.000000,False,insufficient_history_fallback,0.050000,relative_anomaly_score_not_probability,False,0.000000
EH-000265,0.000000,0.000000,3.500000,False,insufficient_history,0.000000,0.000000,0.000000,False,insufficient_history_fallback,0.050000,relative_anomaly_score_not_probability,False,0.000000
EH-000266,0.000000,0.000000,3.500000,False,insufficient_history,0.000000,0.000000,0.000000,False,insufficient_history_fallback,0.050000,relative_anomaly_score_not_probability,False,0.000000
EH-000267,0.000000,0.000000,3.500000,False,insufficient_history,0.000000,0.000000,0.000000,False,insufficient_history_fallback,0.050000,relative_anomaly_score_not_probability,False,0.000000
EH-000268,0.000000,0.000000,3.500000,False,insufficient_history,0.000000,0.000000,0.000000,False,insufficient_history_fallback,0.050000,relative_anomaly_score_not_probability,False,0.000000
EH-000269,0.000000,0.000000,3.500000,False,insufficient_history,0.000000,0.000000,0.000000,False,insufficient_history_fallback,0.050000,relative_anomaly_score_not_probability,False,0.000000
EH-000270,0.000000,0.000000,3.500000,False,insufficient_history,0.000000,0.000000,0.000000,False,insufficient_history_fallback,0.050000,relative_anomaly_score_not_probability,False,0.000000
EH-000271,0.000000,0.000000,3.500000,False,insufficient_history,0.000000,0.000000,0.000000,False,insufficient_history_fallback,0.050000,relative_anomaly_score_not_probability,False,0.000000
EH-000272,0.000000,0.000000,3.500000,False,insufficient_history,0.000000,0.000000,0.000000,False,insufficient_history_fallback,0.050000,relative_anomaly_score_not_probability,False,0.000000
EH-000273,0.000000,0.000000,3.500000,False,insufficient_history,0.000000,0.000000,0.000000,False,insufficient_history_fallback,0.050000,relative_anomaly_score_not_probability,False,0.000000
EH-000274,0.000000,0.000000,3.500000,False,insufficient_history,0.000000,0.000000,0.000000,False,insufficient_history_fallback,0.050000,relative_anomaly_score_not_probability,False,0.000000
EH-000275,0.000000,0.000000,3.500000,False,insufficient_history,0.000000,0.000000,0.000000,False,insufficient_history_fallback,0.050000,relative_anomaly_score_not_probability,False,0.000000
EH-000276,0.000000,0.000000,3.500000,False,insufficient_history,0.000000,0.000000,0.000000,False,insufficient_history_fallback,0.050000,relative_anomaly_score_not_probability,False,0.000000
EH-000277,0.000000,0.000000,3.500000,False,insufficient_history,0.000000,0.000000,0.000000,False,insufficient_history_fallback,0.050000,relative_anomaly_score_not_probability,False,0.000000
EH-000278,0.000000,0.000000,3.500000,False,insufficient_history,0.000000,0.000000,0.000000,False,insufficient_history_fallback,0.050000,relative_anomaly_score_not_probability,False,0.000000
EH-000279,0.000000,0.000000,3.500000,False,insufficient_history,0.000000,0.000000,0.000000,False,insufficient_history_fallback,0.050000,relative_anomaly_score_not_probability,False,0.000000
EH-000280,0.000000,0.000000,3.500000,False,insufficient_history,0.000000,0.000000,0.000000,False,insufficient_history_fallback,0.050000,relative_anomaly_score_not_probability,False,0.000000
EH-000281,0.000000,0.000000,3.500000,False,insufficient_history,0.000000,0.000000,0.000000,False,insufficient_history_fallback,0.050000,relative_anomaly_score_not_probability,False,0.000000
EH-000282,0.000000,0.000000,3.500000,False,insufficient_history,0.000000,0.000000,0.000000,False,insufficient_history_fallback,0.050000,relative_anomaly_score_not_probability,False,0.000000
EH-000283,0.000000,0.000000,3.500000,False,insufficient_history,0.000000,0.000000,0.000000,False,insufficient_history_fallback,0.050000,relative_anomaly_score_not_probability,False,0.000000
EH-000284,0.000000,0.000000,3.500000,False,insufficient_history,0.000000,0.000000,0.000000,False,insufficient_history_fallback,0.050000,relative_anomaly_score_not_probability,False,0.000000
EH-000285,0.000000,0.000000,3.500000,False,insufficient_history,0.000000,0.000000,0.000000,False,insufficient_history_fallback,0.050000,relative_anomaly_score_not_probability,False,0.000000
EH-000286,0.000000,0.000000,3.500000,False,insufficient_history,0.000000,0.000000,0.000000,False,insufficient_history_fallback,0.050000,relative_anomaly_score_not_probability,False,0.000000
EH-000287,0.000000,0.000000,3.500000,False,insufficient_history,0.000000,0.000000,0.000000,False,insufficient_history_fallback,0.050000,relative_anomaly_score_not_probability,False,0.000000
EH-000288,0.000000,0.000000,3.500000,False,insufficient_history,0.000000,0.000000,0.000000,False,insufficient_history_fallback,0.050000,relative_anomaly_score_not_probability,False,0.000000
EH-000289,0.000000,0.000000,3.500000,False,insufficient_history,0.000000,0.000000,0.000000,False,insufficient_history_fallback,0.050000,relative_anomaly_score_not_probability,False,0.000000
EH-000290,0.000000,0.000000,3.500000,False,insufficient_history,0.000000,0.000000,0.000000,False,insufficient_history_fallback,0.050000,relative_anomaly_score_not_probability,False,0.000000
EH-000291,0.000000,0.000000,3.500000,False,insufficient_history,0.000000,0.000000,0.000000,False,insufficient_history_fallback,0.050000,relative_anomaly_score_not_probability,False,0.000000
EH-000292,0.000000,0.000000,3.500000,False,insufficient_history,0.000000,0.000000,0.000000,False,insufficient_history_fallback,0.050000,relative_anomaly_score_not_probability,False,0.000000
EH-000293,0.000000,0.000000,3.500000,False,insufficient_history,0.000000,0.000000,0.000000,False,insufficient_history_fallback,0.050000,relative_anomaly_score_not_probability,False,0.000000
EH-000294,0.000000,0.000000,3.500000,False,insufficient_history,0.000000,0.000000,0.000000,False,insufficient_history_fallback,0.050000,relative_anomaly_score_not_probability,False,0.000000
EH-000295,0.000000,0.000000,3.500000,False,insufficient_history,0.000000,0.000000,0.000000,False,insufficient_history_fallback,0.050000,relative_anomaly_score_not_probability,False,0.000000
EH-000296,0.000000,0.000000,3.500000,False,insufficient_history,0.000000,0.000000,0.000000,False,insufficient_history_fallback,0.050000,relative_anomaly_score_not_probability,False,0.000000
EH-000297,0.000000,0.000000,3.500000,False,insufficient_history,0.000000,0.000000,0.000000,False,insufficient_history_fallback,0.050000,relative_anomaly_score_not_probability,False,0.000000
EH-000298,0.000000,0.000000,3.500000,False,insufficient_history,0.000000,0.000000,0.000000,False,insufficient_history_fallback,0.050000,relative_anomaly_score_not_probability,False,0.000000
EH-000299,0.000000,0.000000,3.500000,False,insufficient_history,0.000000,0.000000,0.000000,False,insufficient_history_fallback,0.050000,relative_anomaly_score_not_probability,False,0.000000
EH-000300,0.000000,0.000000,3.500000,False,insufficient_history,0.000000,0.000000,0.000000,False,insufficient_history_fallback,0.050000,relative_anomaly_score_not_probability,False,0.000000
EH-000301,0.000000,0.000000,3.500000,False,insufficient_history,0.000000,0.000000,0.000000,False,insufficient_history_fallback,0.050000,relative_anomaly_score_not_probability,False,0.000000
EH-000302,0.000000,0.000000,3.500000,False,insufficient_history,0.000000,0.000000,0.000000,False,insufficient_history_fallback,0.050000,relative_anomaly_score_not_probability,False,0.000000
EH-000303,0.000000,0.000000,3.500000,False,insufficient_history,0.000000,0.000000,0.000000,False,insufficient_history_fallback,0.050000,relative_anomaly_score_not_probability,False,0.000000
EH-000304,0.000000,0.000000,3.500000,False,insufficient_history,0.000000,0.000000,0.000000,False,insufficient_history_fallback,0.050000,relative_anomaly_score_not_probability,False,0.000000
EH-000305,0.000000,0.000000,3.500000,False,insufficient_history,0.000000,0.000000,0.000000,False,insufficient_history_fallback,0.050000,relative_anomaly_score_not_probability,False,0.000000
EH-000306,0.000000,0.000000,3.500000,False,insufficient_history,0.000000,0.000000,0.000000,False,insufficient_history_fallback,0.050000,relative_anomaly_score_not_probability,False,0.000000
EH-000307,0.000000,0.000000,3.500000,False,insufficient_history,0.000000,0.000000,0.000000,False,insufficient_history_fallback,0.050000,relative_anomaly_score_not_probability,False,0.000000
EH-000308,0.000000,0.000000,3.500000,False,insufficient_history,0.000000,0.000000,0.000000,False,insufficient_history_fallback,0.050000,relative_anomaly_score_not_probability,False,0.000000
EH-000309,0.000000,0.000000,3.500000,False,insufficient_history,0.000000,0.000000,0.000000,False,insufficient_history_fallback,0.050000,relative_anomaly_score_not_probability,False,0.000000
EH-000310,0.000000,0.000000,3.500000,False,insufficient_history,0.000000,0.000000,0.000000,False,insufficient_history_fallback,0.050000,relative_anomaly_score_not_probability,False,0.000000
EH-000311,0.000000,0.000000,3.500000,False,insufficient_history,0.000000,0.000000,0.000000,False,insufficient_history_fallback,0.050000,relative_anomaly_score_not_probability,False,0.000000
EH-000312,0.000000,0.000000,3.500000,False,insufficient_history,0.000000,0.000000,0.000000,False,insufficient_history_fallback,0.050000,relative_anomaly_score_not_probability,False,0.000000
EH-000313,0.000000,0.000000,3.500000,False,insufficient_history,0.000000,0.000000,0.000000,False,insufficient_history_fallback,0.050000,relative_anomaly_score_not_probability,False,0.000000
EH-000314,0.000000,0.000000,3.500000,False,insufficient_history,0.000000,0.000000,0.000000,False,insufficient_history_fallback,0.050000,relative_anomaly_score_not_probability,False,0.000000
EH-000315,0.000000,0.000000,3.500000,False,insufficient_history,0.000000,0.000000,0.000000,False,insufficient_history_fallback,0.050000,relative_anomaly_score_not_probability,False,0.000000
EH-000316,0.000000,0.000000,3.500000,False,insufficient_history,0.000000,0.000000,0.000000,False,insufficient_history_fallback,0.050000,relative_anomaly_score_not_probability,False,0.000000
EH-000317,0.000000,0.000000,3.500000,False,insufficient_history,0.000000,0.000000,0.000000,False,insufficient_history_fallback,0.050000,relative_anomaly_score_not_probability,False,0.000000
EH-000318,0.000000,0.000000,3.500000,False,insufficient_history,0.000000,0.000000,0.000000,False,insufficient_history_fallback,0.050000,relative_anomaly_score_not_probability,False,0.000000
EH-000319,0.000000,0.000000,3.500000,False,insufficient_history,0.000000,0.000000,0.000000,False,insufficient_history_fallback,0.050000,relative_anomaly_score_not_probability,False,0.000000
EH-000320,0.000000,0.000000,3.500000,False,insufficient_history,0.000000,0.000000,0.000000,False,insufficient_history_fallback,0.050000,relative_anomaly_score_not_probability,False,0.000000
EH-000321,0.000000,0.000000,3.500000,False,insufficient_history,0.000000,0.000000,0.000000,False,insufficient_history_fallback,0.050000,relative_anomaly_score_not_probability,False,0.000000
EH-000322,0.000000,0.000000,3.500000,False,insufficient_history,0.000000,0.000000,0.000000,False,insufficient_history_fallback,0.050000,relative_anomaly_score_not_probability,False,0.000000
EH-000323,0.000000,0.000000,3.500000,False,insufficient_history,0.000000,0.000000,0.000000,False,insufficient_history_fallback,0.050000,relative_anomaly_score_not_probability,False,0.000000
EH-000324,0.000000,0.000000,3.500000,False,insufficient_history,0.000000,0.000000,0.000000,False,insufficient_history_fallback,0.050000,relative_anomaly_score_not_probability,False,0.000000
EH-000325,0.000000,0.000000,3.500000,False,insufficient_history,0.000000,0.000000,0.000000,False,insufficient_history_fallback,0.050000,relative_anomaly_score_not_probability,False,0.000000
EH-000326,0.000000,0.000000,3.500000,False,insufficient_history,0.000000,0.000000,0.000000,False,insufficient_history_fallback,0.050000,relative_anomaly_score_not_probability,False,0.000000
EH-000327,0.000000,0.000000,3.500000,False,insufficient_history,0.000000,0.000000,0.000000,False,insufficient_history_fallback,0.050000,relative_anomaly_score_not_probability,False,0.000000
EH-000328,0.000000,0.000000,3.500000,False,insufficient_history,0.000000,0.000000,0.000000,False,insufficient_history_fallback,0.050000,relative_anomaly_score_not_probability,False,0.000000
EH-000329,0.000000,0.000000,3.500000,False,insufficient_history,0.000000,0.000000,0.000000,False,insufficient_history_fallback,0.050000,relative_anomaly_score_not_probability,False,0.000000
EH-000330,0.000000,0.000000,3.500000,False,insufficient_history,0.000000,0.000000,0.000000,False,insufficient_history_fallback,0.050000,relative_anomaly_score_not_probability,False,0.000000
EH-000331,0.000000,0.000000,3.500000,False,insufficient_history,0.000000,0.000000,0.000000,False,insufficient_history_fallback,0.050000,relative_anomaly_score_not_probability,False,0.000000
EH-000332,0.000000,0.000000,3.500000,False,insufficient_history,0.000000,0.000000,0.000000,False,insufficient_history_fallback,0.050000,relative_anomaly_score_not_probability,False,0.000000
EH-000333,0.000000,0.000000,3.500000,False,insufficient_history,0.000000,0.000000,0.000000,False,insufficient_history_fallback,0.050000,relative_anomaly_score_not_probability,False,0.000000
EH-000334,0.000000,0.000000,3.500000,False,insufficient_history,0.000000,0.000000,0.000000,False,insufficient_history_fallback,0.050000,relative_anomaly_score_not_probability,False,0.000000
EH-000335,0.000000,0.000000,3.500000,False,insufficient_history,0.000000,0.000000,0.000000,False,insufficient_history_fallback,0.050000,relative_anomaly_score_not_probability,False,0.000000
EH-000336,0.000000,0.000000,3.500000,False,insufficient_history,0.000000,0.000000,0.000000,False,insufficient_history_fallback,0.050000,relative_anomaly_score_not_probability,False,0.000000
EH-000337,0.000000,0.000000,3.500000,False,insufficient_history,0.000000,0.000000,0.000000,False,insufficient_history_fallback,0.050000,relative_anomaly_score_not_probability,False,0.000000
EH-000338,0.000000,0.000000,3.500000,False,insufficient_history,0.000000,0.000000,0.000000,False,insufficient_history_fallback,0.050000,relative_anomaly_score_not_probability,False,0.000000
EH-000339,0.000000,0.000000,3.500000,False,insufficient_history,0.000000,0.000000,0.000000,False,insufficient_history_fallback,0.050000,relative_anomaly_score_not_probability,False,0.000000
EH-000340,0.000000,0.000000,3.500000,False,insufficient_history,0.000000,0.000000,0.000000,False,insufficient_history_fallback,0.050000,relative_anomaly_score_not_probability,False,0.000000
EH-000341,0.000000,0.000000,3.500000,False,insufficient_history,0.000000,0.000000,0.000000,False,insufficient_history_fallback,0.050000,relative_anomaly_score_not_probability,False,0.000000
EH-000342,0.000000,0.000000,3.500000,False,insufficient_history,0.000000,0.000000,0.000000,False,insufficient_history_fallback,0.050000,relative_anomaly_score_not_probability,False,0.000000
EH-000343,0.000000,0.000000,3.500000,False,insufficient_history,0.000000,0.000000,0.000000,False,insufficient_history_fallback,0.050000,relative_anomaly_score_not_probability,False,0.000000
EH-000344,0.000000,0.000000,3.500000,False,insufficient_history,0.000000,0.000000,0.000000,False,insufficient_history_fallback,0.050000,relative_anomaly_score_not_probability,False,0.000000
EH-000345,0.000000,0.000000,3.500000,False,insufficient_history,0.000000,0.000000,0.000000,False,insufficient_history_fallback,0.050000,relative_anomaly_score_not_probability,False,0.000000
EH-000346,0.000000,0.000000,3.500000,False,insufficient_history,0.000000,0.000000,0.000000,False,insufficient_history_fallback,0.050000,relative_anomaly_score_not_probability,False,0.000000
EH-000347,0.000000,0.000000,3.500000,False,insufficient_history,0.000000,0.000000,0.000000,False,insufficient_history_fallback,0.050000,relative_anomaly_score_not_probability,False,0.000000
EH-000348,0.000000,0.000000,3.500000,False,insufficient_history,0.000000,0.000000,0.000000,False,insufficient_history_fallback,0.050000,relative_anomaly_score_not_probability,False,0.000000
EH-000349,0.000000,0.000000,3.500000,False,insufficient_history,0.000000,0.000000,0.000000,False,insufficient_history_fallback,0.050000,relative_anomaly_score_not_probability,False,0.000000
EH-000350,0.000000,0.000000,3.500000,False,insufficient_history,0.000000,0.000000,0.000000,False,insufficient_history_fallback,0.050000,relative_anomaly_score_not_probability,False,0.000000
EH-000351,0.000000,0.000000,3.500000,False,insufficient_history,0.000000,0.000000,0.000000,False,insufficient_history_fallback,0.050000,relative_anomaly_score_not_probability,False,0.000000
EH-000352,0.000000,0.000000,3.500000,False,insufficient_history,0.000000,0.000000,0.000000,False,insufficient_history_fallback,0.050000,relative_anomaly_score_not_probability,False,0.000000
EH-000353,0.000000,0.000000,3.500000,False,insufficient_history,0.000000,0.000000,0.000000,False,insufficient_history_fallback,0.050000,relative_anomaly_score_not_probability,False,0.000000
EH-000354,0.000000,0.000000,3.500000,False,insufficient_history,0.000000,0.000000,0.000000,False,insufficient_history_fallback,0.050000,relative_anomaly_score_not_probability,False,0.000000
EH-000355,0.000000,0.000000,3.500000,False,insufficient_history,0.000000,0.000000,0.000000,False,insufficient_history_fallback,0.050000,relative_anomaly_score_not_probability,False,0.000000
EH-000356,0.000000,0.000000,3.500000,False,insufficient_history,0.000000,0.000000,0.000000,False,insufficient_history_fallback,0.050000,relative_anomaly_score_not_probability,False,0.000000
EH-000357,0.000000,0.000000,3.500000,False,insufficient_history,0.000000,0.000000,0.000000,False,insufficient_history_fallback,0.050000,relative_anomaly_score_not_probability,False,0.000000
EH-000358,0.000000,0.000000,3.500000,False,insufficient_history,0.000000,0.000000,0.000000,False,insufficient_history_fallback,0.050000,relative_anomaly_score_not_probability,False,0.000000
EH-000359,0.000000,0.000000,3.500000,False,insufficient_history,0.000000,0.000000,0.000000,False,insufficient_history_fallback,0.050000,relative_anomaly_score_not_probability,False,0.000000
EH-000360,0.000000,0.000000,3.500000,False,insufficient_history,0.000000,0.000000,0.000000,False,insufficient_history_fallback,0.050000,relative_anomaly_score_not_probability,False,0.000000
EH-000361,0.000000,0.000000,3.500000,False,insufficient_history,0.000000,0.000000,0.000000,False,insufficient_history_fallback,0.050000,relative_anomaly_score_not_probability,False,0.000000
EH-000362,0.000000,0.000000,3.500000,False,insufficient_history,0.000000,0.000000,0.000000,False,insufficient_history_fallback,0.050000,relative_anomaly_score_not_probability,False,0.000000
EH-000363,0.000000,0.000000,3.500000,False,insufficient_history,0.000000,0.000000,0.000000,False,insufficient_history_fallback,0.050000,relative_anomaly_score_not_probability,False,0.000000
EH-000364,0.000000,0.000000,3.500000,False,insufficient_history,0.000000,0.000000,0.000000,False,insufficient_history_fallback,0.050000,relative_anomaly_score_not_probability,False,0.000000
EH-000365,0.000000,0.000000,3.500000,False,insufficient_history,0.000000,0.000000,0.000000,False,insufficient_history_fallback,0.050000,relative_anomaly_score_not_probability,False,0.000000
EH-000366,0.000000,0.000000,3.500000,False,insufficient_history,0.000000,0.000000,0.000000,False,insufficient_history_fallback,0.050000,relative_anomaly_score_not_probability,False,0.000000
EH-000367,0.000000,0.000000,3.500000,False,insufficient_history,0.000000,0.000000,0.000000,False,insufficient_history_fallback,0.050000,relative_anomaly_score_not_probability,False,0.000000
EH-000368,0.000000,0.000000,3.500000,False,insufficient_history,0.000000,0.000000,0.000000,False,insufficient_history_fallback,0.050000,relative_anomaly_score_not_probability,False,0.000000
EH-000369,0.000000,0.000000,3.500000,False,insufficient_history,0.000000,0.000000,0.000000,False,insufficient_history_fallback,0.050000,relative_anomaly_score_not_probability,False,0.000000
EH-000370,0.000000,0.000000,3.500000,False,insufficient_history,0.000000,0.000000,0.000000,False,insufficient_history_fallback,0.050000,relative_anomaly_score_not_probability,False,0.000000
EH-000371,0.000000,0.000000,3.500000,False,insufficient_history,0.000000,0.000000,0.000000,False,insufficient_history_fallback,0.050000,relative_anomaly_score_not_probability,False,0.000000
EH-000372,0.000000,0.000000,3.500000,False,insufficient_history,0.000000,0.000000,0.000000,False,insufficient_history_fallback,0.050000,relative_anomaly_score_not_probability,False,0.000000
EH-000373,0.000000,0.000000,3.500000,False,insufficient_history,0.000000,0.000000,0.000000,False,insufficient_history_fallback,0.050000,relative_anomaly_score_not_probability,False,0.000000
EH-000374,0.000000,0.000000,3.500000,False,insufficient_history,0.000000,0.000000,0.000000,False,insufficient_history_fallback,0.050000,relative_anomaly_score_not_probability,False,0.000000
EH-000375,0.000000,0.000000,3.500000,False,insufficient_history,0.000000,0.000000,0.000000,False,insufficient_history_fallback,0.050000,relative_anomaly_score_not_probability,False,0.000000
EH-000376,0.000000,0.000000,3.500000,False,insufficient_history,0.000000,0.000000,0.000000,False,insufficient_history_fallback,0.050000,relative_anomaly_score_not_probability,False,0.000000
EH-000377,0.000000,0.000000,3.500000,False,insufficient_history,0.000000,0.000000,0.000000,False,insufficient_history_fallback,0.050000,relative_anomaly_score_not_probability,False,0.000000
EH-000378,0.000000,0.000000,3.500000,False,insufficient_history,0.000000,0.000000,0.000000,False,insufficient_history_fallback,0.050000,relative_anomaly_score_not_probability,False,0.000000
EH-000379,0.000000,0.000000,3.500000,False,insufficient_history,0.000000,0.000000,0.000000,False,insufficient_history_fallback,0.050000,relative_anomaly_score_not_probability,False,0.000000
EH-000380,0.000000,0.000000,3.500000,False,insufficient_history,0.000000,0.000000,0.000000,False,insufficient_history_fallback,0.050000,relative_anomaly_score_not_probability,False,0.000000
EH-000381,0.000000,0.000000,3.500000,False,insufficient_history,0.000000,0.000000,0.000000,False,insufficient_history_fallback,0.050000,relative_anomaly_score_not_probability,False,0.000000
EH-000382,0.000000,0.000000,3.500000,False,insufficient_history,0.000000,0.000000,0.000000,False,insufficient_history_fallback,0.050000,relative_anomaly_score_not_probability,False,0.000000
EH-000383,0.000000,0.000000,3.500000,False,insufficient_history,0.000000,0.000000,0.000000,False,insufficient_history_fallback,0.050000,relative_anomaly_score_not_probability,False,0.000000
EH-000384,0.000000,0.000000,3.500000,False,insufficient_history,0.000000,0.000000,0.000000,False,insufficient_history_fallback,0.050000,relative_anomaly_score_not_probability,False,0.000000
EH-000385,0.000000,0.000000,3.500000,False,insufficient_history,0.000000,0.000000,0.000000,False,insufficient_history_fallback,0.050000,relative_anomaly_score_not_probability,False,0.000000
EH-000386,0.000000,0.000000,3.500000,False,insufficient_history,0.000000,0.000000,0.000000,False,insufficient_history_fallback,0.050000,relative_anomaly_score_not_probability,False,0.000000
EH-000387,0.000000,0.000000,3.500000,False,insufficient_history,0.000000,0.000000,0.000000,False,insufficient_history_fallback,0.050000,relative_anomaly_score_not_probability,False,0.000000
EH-000388,0.000000,0.000000,3.500000,False,insufficient_history,0.000000,0.000000,0.000000,False,insufficient_history_fallback,0.050000,relative_anomaly_score_not_probability,False,0.000000
EH-000389,0.000000,0.000000,3.500000,False,insufficient_history,0.000000,0.000000,0.000000,False,insufficient_history_fallback,0.050000,relative_anomaly_score_not_probability,False,0.000000
EH-000390,0.000000,0.000000,3.500000,False,insufficient_history,0.000000,0.000000,0.000000,False,insufficient_history_fallback,0.050000,relative_anomaly_score_not_probability,False,0.000000
EH-000391,0.000000,0.000000,3.500000,False,insufficient_history,0.000000,0.000000,0.000000,False,insufficient_history_fallback,0.050000,relative_anomaly_score_not_probability,False,0.000000
EH-000392,0.000000,0.000000,3.500000,False,insufficient_history,0.000000,0.000000,0.000000,False,insufficient_history_fallback,0.050000,relative_anomaly_score_not_probability,False,0.000000
EH-000393,0.000000,0.000000,3.500000,False,insufficient_history,0.000000,0.000000,0.000000,False,insufficient_history_fallback,0.050000,relative_anomaly_score_not_probability,False,0.000000
EH-000394,0.000000,0.000000,3.500000,False,insufficient_history,0.000000,0.000000,0.000000,False,insufficient_history_fallback,0.050000,relative_anomaly_score_not_probability,False,0.000000
EH-000395,0.000000,0.000000,3.500000,False,insufficient_history,0.000000,0.000000,0.000000,False,insufficient_history_fallback,0.050000,relative_anomaly_score_not_probability,False,0.000000
EH-000396,0.000000,0.000000,3.500000,False,insufficient_history,0.000000,0.000000,0.000000,False,insufficient_history_fallback,0.050000,relative_anomaly_score_not_probability,False,0.000000
EH-000397,0.000000,0.000000,3.500000,False,insufficient_history,0.000000,0.000000,0.000000,False,insufficient_history_fallback,0.050000,relative_anomaly_score_not_probability,False,0.000000
EH-000398,0.000000,0.000000,3.500000,False,insufficient_history,0.000000,0.000000,0.000000,False,insufficient_history_fallback,0.050000,relative_anomaly_score_not_probability,False,0.000000
EH-000399,0.000000,0.000000,3.500000,False,insufficient_history,0.000000,0.000000,0.000000,False,insufficient_history_fallback,0.050000,relative_anomaly_score_not_probability,False,0.000000
EH-000400,0.000000,0.000000,3.500000,False,insufficient_history,0.000000,0.000000,0.000000,False,insufficient_history_fallback,0.050000,relative_anomaly_score_not_probability,False,0.000000
EH-000401,0.000000,0.000000,3.500000,False,insufficient_history,0.000000,0.000000,0.000000,False,insufficient_history_fallback,0.050000,relative_anomaly_score_not_probability,False,0.000000
EH-000402,0.000000,0.000000,3.500000,False,insufficient_history,0.000000,0.000000,0.000000,False,insufficient_history_fallback,0.050000,relative_anomaly_score_not_probability,False,0.000000
EH-000403,0.000000,0.000000,3.500000,False,insufficient_history,0.000000,0.000000,0.000000,False,insufficient_history_fallback,0.050000,relative_anomaly_score_not_probability,False,0.000000
EH-000404,0.000000,0.000000,3.500000,False,insufficient_history,0.000000,0.000000,0.000000,False,insufficient_history_fallback,0.050000,relative_anomaly_score_not_probability,False,0.000000
EH-000405,0.000000,0.000000,3.500000,False,insufficient_history,0.000000,0.000000,0.000000,False,insufficient_history_fallback,0.050000,relative_anomaly_score_not_probability,False,0.000000
EH-000406,0.000000,0.000000,3.500000,False,insufficient_history,0.000000,0.000000,0.000000,False,insufficient_history_fallback,0.050000,relative_anomaly_score_not_probability,False,0.000000
EH-000407,0.000000,0.000000,3.500000,False,insufficient_history,0.000000,0.000000,0.000000,False,insufficient_history_fallback,0.050000,relative_anomaly_score_not_probability,False,0.000000
EH-000408,0.000000,0.000000,3.500000,False,insufficient_history,0.000000,0.000000,0.000000,False,insufficient_history_fallback,0.050000,relative_anomaly_score_not_probability,False,0.000000
EH-000409,0.000000,0.000000,3.500000,False,insufficient_history,0.000000,0.000000,0.000000,False,insufficient_history_fallback,0.050000,relative_anomaly_score_not_probability,False,0.000000
EH-000410,0.000000,0.000000,3.500000,False,insufficient_history,0.000000,0.000000,0.000000,False,insufficient_history_fallback,0.050000,relative_anomaly_score_not_probability,False,0.000000
EH-000411,0.000000,0.000000,3.500000,False,insufficient_history,0.000000,0.000000,0.000000,False,insufficient_history_fallback,0.050000,relative_anomaly_score_not_probability,False,0.000000
EH-000412,0.000000,0.000000,3.500000,False,insufficient_history,0.000000,0.000000,0.000000,False,insufficient_history_fallback,0.050000,relative_anomaly_score_not_probability,False,0.000000
EH-000413,0.000000,0.000000,3.500000,False,insufficient_history,0.000000,0.000000,0.000000,False,insufficient_history_fallback,0.050000,relative_anomaly_score_not_probability,False,0.000000
EH-000414,0.000000,0.000000,3.500000,False,insufficient_history,0.000000,0.000000,0.000000,False,insufficient_history_fallback,0.050000,relative_anomaly_score_not_probability,False,0.000000
EH-000415,0.000000,0.000000,3.500000,False,insufficient_history,0.000000,0.000000,0.000000,False,insufficient_history_fallback,0.050000,relative_anomaly_score_not_probability,False,0.000000
EH-000416,0.000000,0.000000,3.500000,False,insufficient_history,0.000000,0.000000,0.000000,False,insufficient_history_fallback,0.050000,relative_anomaly_score_not_probability,False,0.000000
EH-000417,0.000000,0.000000,3.500000,False,insufficient_history,0.000000,0.000000,0.000000,False,insufficient_history_fallback,0.050000,relative_anomaly_score_not_probability,False,0.000000
EH-000418,0.000000,0.000000,3.500000,False,insufficient_history,0.000000,0.000000,0.000000,False,insufficient_history_fallback,0.050000,relative_anomaly_score_not_probability,False,0.000000
EH-000419,0.000000,0.000000,3.500000,False,insufficient_history,0.000000,0.000000,0.000000,False,insufficient_history_fallback,0.050000,relative_anomaly_score_not_probability,False,0.000000
EH-000420,0.000000,0.000000,3.500000,False,insufficient_history,0.000000,0.000000,0.000000,False,insufficient_history_fallback,0.050000,relative_anomaly_score_not_probability,False,0.000000
EH-000421,0.000000,0.000000,3.500000,False,insufficient_history,0.000000,0.000000,0.000000,False,insufficient_history_fallback,0.050000,relative_anomaly_score_not_probability,False,0.000000
EH-000422,0.000000,0.000000,3.500000,False,insufficient_history,0.000000,0.000000,0.000000,False,insufficient_history_fallback,0.050000,relative_anomaly_score_not_probability,False,0.000000
EH-000423,0.000000,0.000000,3.500000,False,insufficient_history,0.000000,0.000000,0.000000,False,insufficient_history_fallback,0.050000,relative_anomaly_score_not_probability,False,0.000000
EH-000424,0.000000,0.000000,3.500000,False,insufficient_history,0.000000,0.000000,0.000000,False,insufficient_history_fallback,0.050000,relative_anomaly_score_not_probability,False,0.000000
EH-000425,0.000000,0.000000,3.500000,False,insufficient_history,0.000000,0.000000,0.000000,False,insufficient_history_fallback,0.050000,relative_anomaly_score_not_probability,False,0.000000
EH-000426,0.000000,0.000000,3.500000,False,insufficient_history,0.000000,0.000000,0.000000,False,insufficient_history_fallback,0.050000,relative_anomaly_score_not_probability,False,0.000000
EH-000427,0.000000,0.000000,3.500000,False,insufficient_history,0.000000,0.000000,0.000000,False,insufficient_history_fallback,0.050000,relative_anomaly_score_not_probability,False,0.000000
EH-000428,0.000000,0.000000,3.500000,False,insufficient_history,0.000000,0.000000,0.000000,False,insufficient_history_fallback,0.050000,relative_anomaly_score_not_probability,False,0.000000
EH-000429,0.000000,0.000000,3.500000,False,insufficient_history,0.000000,0.000000,0.000000,False,insufficient_history_fallback,0.050000,relative_anomaly_score_not_probability,False,0.000000
EH-000430,0.000000,0.000000,3.500000,False,insufficient_history,0.000000,0.000000,0.000000,False,insufficient_history_fallback,0.050000,relative_anomaly_score_not_probability,False,0.000000
EH-000431,0.000000,0.000000,3.500000,False,insufficient_history,0.000000,0.000000,0.000000,False,insufficient_history_fallback,0.050000,relative_anomaly_score_not_probability,False,0.000000
EH-000432,0.000000,0.000000,3.500000,False,insufficient_history,0.000000,0.000000,0.000000,False,insufficient_history_fallback,0.050000,relative_anomaly_score_not_probability,False,0.000000
EH-000433,0.000000,0.000000,3.500000,False,insufficient_history,0.000000,0.000000,0.000000,False,insufficient_history_fallback,0.050000,relative_anomaly_score_not_probability,False,0.000000
EH-000434,0.000000,0.000000,3.500000,False,insufficient_history,0.000000,0.000000,0.000000,False,insufficient_history_fallback,0.050000,relative_anomaly_score_not_probability,False,0.000000
EH-000435,0.000000,0.000000,3.500000,False,insufficient_history,0.000000,0.000000,0.000000,False,insufficient_history_fallback,0.050000,relative_anomaly_score_not_probability,False,0.000000
EH-000436,0.000000,0.000000,3.500000,False,insufficient_history,0.000000,0.000000,0.000000,False,insufficient_history_fallback,0.050000,relative_anomaly_score_not_probability,False,0.000000
EH-000437,0.000000,0.000000,3.500000,False,insufficient_history,0.000000,0.000000,0.000000,False,insufficient_history_fallback,0.050000,relative_anomaly_score_not_probability,False,0.000000
EH-000438,0.000000,0.000000,3.500000,False,insufficient_history,0.000000,0.000000,0.000000,False,insufficient_history_fallback,0.050000,relative_anomaly_score_not_probability,False,0.000000
EH-000439,0.000000,0.000000,3.500000,False,insufficient_history,0.000000,0.000000,0.000000,False,insufficient_history_fallback,0.050000,relative_anomaly_score_not_probability,False,0.000000
EH-000440,0.000000,0.000000,3.500000,False,insufficient_history,0.000000,0.000000,0.000000,False,insufficient_history_fallback,0.050000,relative_anomaly_score_not_probability,False,0.000000
EH-000441,0.000000,0.000000,3.500000,False,insufficient_history,0.000000,0.000000,0.000000,False,insufficient_history_fallback,0.050000,relative_anomaly_score_not_probability,False,0.000000
EH-000442,0.000000,0.000000,3.500000,False,insufficient_history,0.000000,0.000000,0.000000,False,insufficient_history_fallback,0.050000,relative_anomaly_score_not_probability,False,0.000000
EH-000443,0.000000,0.000000,3.500000,False,insufficient_history,0.000000,0.000000,0.000000,False,insufficient_history_fallback,0.050000,relative_anomaly_score_not_probability,False,0.000000
EH-000444,0.000000,0.000000,3.500000,False,insufficient_history,0.000000,0.000000,0.000000,False,insufficient_history_fallback,0.050000,relative_anomaly_score_not_probability,False,0.000000
EH-000445,0.000000,0.000000,3.500000,False,insufficient_history,0.000000,0.000000,0.000000,False,insufficient_history_fallback,0.050000,relative_anomaly_score_not_probability,False,0.000000
EH-000446,0.000000,0.000000,3.500000,False,insufficient_history,0.000000,0.000000,0.000000,False,insufficient_history_fallback,0.050000,relative_anomaly_score_not_probability,False,0.000000
EH-000447,0.000000,0.000000,3.500000,False,insufficient_history,0.000000,0.000000,0.000000,False,insufficient_history_fallback,0.050000,relative_anomaly_score_not_probability,False,0.000000
EH-000448,0.000000,0.000000,3.500000,False,insufficient_history,0.000000,0.000000,0.000000,False,insufficient_history_fallback,0.050000,relative_anomaly_score_not_probability,False,0.000000
EH-000449,0.000000,0.000000,3.500000,False,insufficient_history,0.000000,0.000000,0.000000,False,insufficient_history_fallback,0.050000,relative_anomaly_score_not_probability,False,0.000000
EH-000450,0.000000,0.000000,3.500000,False,insufficient_history,0.000000,0.000000,0.000000,False,insufficient_history_fallback,0.050000,relative_anomaly_score_not_probability,False,0.000000
EH-000451,0.000000,0.000000,3.500000,False,insufficient_history,0.000000,0.000000,0.000000,False,insufficient_history_fallback,0.050000,relative_anomaly_score_not_probability,False,0.000000
EH-000452,0.000000,0.000000,3.500000,False,insufficient_history,0.000000,0.000000,0.000000,False,insufficient_history_fallback,0.050000,relative_anomaly_score_not_probability,False,0.000000
EH-000453,0.000000,0.000000,3.500000,False,insufficient_history,0.000000,0.000000,0.000000,False,insufficient_history_fallback,0.050000,relative_anomaly_score_not_probability,False,0.000000
EH-000454,0.000000,0.000000,3.500000,False,insufficient_history,0.000000,0.000000,0.000000,False,insufficient_history_fallback,0.050000,relative_anomaly_score_not_probability,False,0.000000
EH-000455,0.000000,0.000000,3.500000,False,insufficient_history,0.000000,0.000000,0.000000,False,insufficient_history_fallback,0.050000,relative_anomaly_score_not_probability,False,0.000000
EH-000456,0.000000,0.000000,3.500000,False,insufficient_history,0.000000,0.000000,0.000000,False,insufficient_history_fallback,0.050000,relative_anomaly_score_not_probability,False,0.000000
EH-000457,0.000000,0.000000,3.500000,False,insufficient_history,0.000000,0.000000,0.000000,False,insufficient_history_fallback,0.050000,relative_anomaly_score_not_probability,False,0.000000
EH-000458,0.000000,0.000000,3.500000,False,insufficient_history,0.000000,0.000000,0.000000,False,insufficient_history_fallback,0.050000,relative_anomaly_score_not_probability,False,0.000000
EH-000459,0.000000,0.000000,3.500000,False,insufficient_history,0.000000,0.000000,0.000000,False,insufficient_history_fallback,0.050000,relative_anomaly_score_not_probability,False,0.000000
EH-000460,0.000000,0.000000,3.500000,False,insufficient_history,0.000000,0.000000,0.000000,False,insufficient_history_fallback,0.050000,relative_anomaly_score_not_probability,False,0.000000
EH-000461,0.000000,0.000000,3.500000,False,insufficient_history,0.000000,0.000000,0.000000,False,insufficient_history_fallback,0.050000,relative_anomaly_score_not_probability,False,0.000000
EH-000462,0.000000,0.000000,3.500000,False,insufficient_history,0.000000,0.000000,0.000000,False,insufficient_history_fallback,0.050000,relative_anomaly_score_not_probability,False,0.000000
EH-000463,0.000000,0.000000,3.500000,False,insufficient_history,0.000000,0.000000,0.000000,False,insufficient_history_fallback,0.050000,relative_anomaly_score_not_probability,False,0.000000
EH-000464,0.000000,0.000000,3.500000,False,insufficient_history,0.000000,0.000000,0.000000,False,insufficient_history_fallback,0.050000,relative_anomaly_score_not_probability,False,0.000000
EH-000465,0.000000,0.000000,3.500000,False,insufficient_history,0.000000,0.000000,0.000000,False,insufficient_history_fallback,0.050000,relative_anomaly_score_not_probability,False,0.000000
EH-000466,0.000000,0.000000,3.500000,False,insufficient_history,0.000000,0.000000,0.000000,False,insufficient_history_fallback,0.050000,relative_anomaly_score_not_probability,False,0.000000
EH-000467,0.000000,0.000000,3.500000,False,insufficient_history,0.000000,0.000000,0.000000,False,insufficient_history_fallback,0.050000,relative_anomaly_score_not_probability,False,0.000000
EH-000468,0.000000,0.000000,3.500000,False,insufficient_history,0.000000,0.000000,0.000000,False,insufficient_history_fallback,0.050000,relative_anomaly_score_not_probability,False,0.000000
EH-000469,0.000000,0.000000,3.500000,False,insufficient_history,0.000000,0.000000,0.000000,False,insufficient_history_fallback,0.050000,relative_anomaly_score_not_probability,False,0.000000
EH-000470,0.000000,0.000000,3.500000,False,insufficient_history,0.000000,0.000000,0.000000,False,insufficient_history_fallback,0.050000,relative_anomaly_score_not_probability,False,0.000000
EH-000471,0.000000,0.000000,3.500000,False,insufficient_history,0.000000,0.000000,0.000000,False,insufficient_history_fallback,0.050000,relative_anomaly_score_not_probability,False,0.000000
EH-000472,0.000000,0.000000,3.500000,False,insufficient_history,0.000000,0.000000,0.000000,False,insufficient_history_fallback,0.050000,relative_anomaly_score_not_probability,False,0.000000
EH-000473,0.000000,0.000000,3.500000,False,insufficient_history,0.000000,0.000000,0.000000,False,insufficient_history_fallback,0.050000,relative_anomaly_score_not_probability,False,0.000000
EH-000474,0.000000,0.000000,3.500000,False,insufficient_history,0.000000,0.000000,0.000000,False,insufficient_history_fallback,0.050000,relative_anomaly_score_not_probability,False,0.000000
EH-000475,0.000000,0.000000,3.500000,False,insufficient_history,0.000000,0.000000,0.000000,False,insufficient_history_fallback,0.050000,relative_anomaly_score_not_probability,False,0.000000
EH-000476,0.000000,0.000000,3.500000,False,insufficient_history,0.000000,0.000000,0.000000,False,insufficient_history_fallback,0.050000,relative_anomaly_score_not_probability,False,0.000000
EH-000477,0.000000,0.000000,3.500000,False,insufficient_history,0.000000,0.000000,0.000000,False,insufficient_history_fallback,0.050000,relative_anomaly_score_not_probability,False,0.000000
EH-000478,0.000000,0.000000,3.500000,False,insufficient_history,0.000000,0.000000,0.000000,False,insufficient_history_fallback,0.050000,relative_anomaly_score_not_probability,False,0.000000
EH-000479,0.000000,0.000000,3.500000,False,insufficient_history,0.000000,0.000000,0.000000,False,insufficient_history_fallback,0.050000,relative_anomaly_score_not_probability,False,0.000000
EH-000480,0.000000,0.000000,3.500000,False,insufficient_history,0.000000,0.000000,0.000000,False,insufficient_history_fallback,0.050000,relative_anomaly_score_not_probability,False,0.000000
EH-000481,0.000000,0.000000,3.500000,False,insufficient_history,0.000000,0.000000,0.000000,False,insufficient_history_fallback,0.050000,relative_anomaly_score_not_probability,False,0.000000
EH-000482,0.000000,0.000000,3.500000,False,insufficient_history,0.000000,0.000000,0.000000,False,insufficient_history_fallback,0.050000,relative_anomaly_score_not_probability,False,0.000000
EH-000483,0.000000,0.000000,3.500000,False,insufficient_history,0.000000,0.000000,0.000000,False,insufficient_history_fallback,0.050000,relative_anomaly_score_not_probability,False,0.000000
EH-000484,0.000000,0.000000,3.500000,False,insufficient_history,0.000000,0.000000,0.000000,False,insufficient_history_fallback,0.050000,relative_anomaly_score_not_probability,False,0.000000
EH-000485,0.000000,0.000000,3.500000,False,insufficient_history,0.000000,0.000000,0.000000,False,insufficient_history_fallback,0.050000,relative_anomaly_score_not_probability,False,0.000000
EH-000486,0.000000,0.000000,3.500000,False,insufficient_history,0.000000,0.000000,0.000000,False,insufficient_history_fallback,0.050000,relative_anomaly_score_not_probability,False,0.000000
EH-000487,0.000000,0.000000,3.500000,False,insufficient_history,0.000000,0.000000,0.000000,False,insufficient_history_fallback,0.050000,relative_anomaly_score_not_probability,False,0.000000
EH-000488,0.000000,0.000000,3.500000,False,insufficient_history,0.000000,0.000000,0.000000,False,insufficient_history_fallback,0.050000,relative_anomaly_score_not_probability,False,0.000000
EH-000489,0.000000,0.000000,3.500000,False,insufficient_history,0.000000,0.000000,0.000000,False,insufficient_history_fallback,0.050000,relative_anomaly_score_not_probability,False,0.000000
EH-000490,0.000000,0.000000,3.500000,False,insufficient_history,0.000000,0.000000,0.000000,False,insufficient_history_fallback,0.050000,relative_anomaly_score_not_probability,False,0.000000
EH-000491,0.000000,0.000000,3.500000,False,insufficient_history,0.000000,0.000000,0.000000,False,insufficient_history_fallback,0.050000,relative_anomaly_score_not_probability,False,0.000000
EH-000492,0.000000,0.000000,3.500000,False,insufficient_history,0.000000,0.000000,0.000000,False,insufficient_history_fallback,0.050000,relative_anomaly_score_not_probability,False,0.000000
EH-000493,0.000000,0.000000,3.500000,False,insufficient_history,0.000000,0.000000,0.000000,False,insufficient_history_fallback,0.050000,relative_anomaly_score_not_probability,False,0.000000
EH-000494,0.000000,0.000000,3.500000,False,insufficient_history,0.000000,0.000000,0.000000,False,insufficient_history_fallback,0.050000,relative_anomaly_score_not_probability,False,0.000000
EH-000495,0.000000,0.000000,3.500000,False,insufficient_history,0.000000,0.000000,0.000000,False,insufficient_history_fallback,0.050000,relative_anomaly_score_not_probability,False,0.000000
EH-000496,0.000000,0.000000,3.500000,False,insufficient_history,0.000000,0.000000,0.000000,False,insufficient_history_fallback,0.050000,relative_anomaly_score_not_probability,False,0.000000
EH-000497,0.000000,0.000000,3.500000,False,insufficient_history,0.000000,0.000000,0.000000,False,insufficient_history_fallback,0.050000,relative_anomaly_score_not_probability,False,0.000000
EH-000498,0.000000,0.000000,3.500000,False,insufficient_history,0.000000,0.000000,0.000000,False,insufficient_history_fallback,0.050000,relative_anomaly_score_not_probability,False,0.000000
EH-000499,0.000000,0.000000,3.500000,False,insufficient_history,0.000000,0.000000,0.000000,False,insufficient_history_fallback,0.050000,relative_anomaly_score_not_probability,False,0.000000
EH-000500,0.000000,0.000000,3.500000,False,insufficient_history,0.000000,0.000000,0.000000,False,insufficient_history_fallback,0.050000,relative_anomaly_score_not_probability,False,0.000000
EH-000501,0.000000,0.000000,3.500000,False,insufficient_history,0.000000,0.000000,0.000000,False,insufficient_history_fallback,0.050000,relative_anomaly_score_not_probability,False,0.000000
EH-000502,0.000000,0.000000,3.500000,False,insufficient_history,0.000000,0.000000,0.000000,False,insufficient_history_fallback,0.050000,relative_anomaly_score_not_probability,False,0.000000
EH-000503,0.000000,0.000000,3.500000,False,insufficient_history,0.000000,0.000000,0.000000,False,insufficient_history_fallback,0.050000,relative_anomaly_score_not_probability,False,0.000000
EH-000504,0.000000,0.000000,3.500000,False,insufficient_history,0.000000,0.000000,0.000000,False,insufficient_history_fallback,0.050000,relative_anomaly_score_not_probability,False,0.000000
